{
"Changes": [
	
//------------------------
// Regular Dialogue
//------------------------

  {
	"LogName": "Load Empty Ridgeside Dialogue File",
   	"Action": "Load",
   	"Target": "Characters/Dialogue/Alissa, Characters/Dialogue/Aguar, Characters/Dialogue/Bert, Characters/Dialogue/Corine, Characters/Dialogue/Ezekiel, Characters/Dialogue/Flor, Characters/Dialogue/Freddie, Characters/Dialogue/Ian, Characters/Dialogue/Jeric, Characters/Dialogue/Jio, Characters/Dialogue/Keahi, Characters/Dialogue/Kenneth, Characters/Dialogue/Kiwi, Characters/Dialogue/Lenny, Characters/Dialogue/Lola, Characters/Dialogue/Maddie, Characters/Dialogue/Olga, Characters/Dialogue/Philip, Characters/Dialogue/Pika, Characters/Dialogue/Richard, Characters/Dialogue/Shiro, Characters/Dialogue/Trinnie, Characters/Dialogue/Ysabelle, Characters/Dialogue/Yuuma, Characters/Dialogue/Undreya, Characters/Dialogue/Helen, Characters/Dialogue/Jason",
   	"FromFile": "Data/LoadData/LoadDialogue.json"
  },

	/*********
	** Include Dialogue Files
	*********/	
  {
	"LogName": "Include Ridgeside Dialogue Files",
   	"Action": "Include",
   	"FromFile": "Assets/Dialogue/Alissa.json, Assets/Dialogue/Aguar.json, Assets/Dialogue/Bert.json, Assets/Dialogue/Corine.json, Assets/Dialogue/Ezekiel.json, Assets/Dialogue/Flor.json, Assets/Dialogue/Freddie.json, Assets/Dialogue/Ian.json, Assets/Dialogue/Jeric.json, Assets/Dialogue/Jio.json, Assets/Dialogue/Keahi.json, Assets/Dialogue/Kenneth.json, Assets/Dialogue/Kiwi.json, Assets/Dialogue/Lenny.json, Assets/Dialogue/Lola.json, Assets/Dialogue/Maddie.json, Assets/Dialogue/Olga.json, Assets/Dialogue/Philip.json, Assets/Dialogue/Pika.json, Assets/Dialogue/Richard.json, Assets/Dialogue/Shiro.json, Assets/Dialogue/Trinnie.json, Assets/Dialogue/Ysabelle.json, Assets/Dialogue/Yuuma.json, Assets/Dialogue/Undreya.json,  Assets/Dialogue/Helen.json, Assets/Dialogue/Jason.json",
  },  

]
}
