{
"Changes": [
	
	{
   
   "Action": "EditData",
   "Target": "Characters/Dialogue/Astra",
   "Entries": {

   	//Spring
	"spring_1": "Hmm?$6#$b#Oh, hello.#$e#I'm Astra. I'm uh...$2#$b#I'm a... tourist.$3#$b#Yes! I'm a tourist!$1#$b#Just here to see the sights. I'm totally not suspicious at all!$6",
	"spring_2": "Hi there, stranger.$h#$b#I'm thinking of buying a {{Random:Ridgeside Shaketini, Autumn Dew Drop Juice, Cherry Berry Shakey, Snowball Slurpee, Omelet, Arugula Roll, Fried Fish a la Ridge, Fried Mountain Greens, Highland Ice Cream, Honey Glazed Salad, Ridge Fruity Plate, Snow Bowl Surprise, Zesty Tuna, Spaghetti, Lucky Lunch, Pumpkin Soup, Blackberry Cobbler, Salad, Pepper Poppers, Bean Hotpot, Tom Kha Soup, Stir Fry, Coleslaw, Fish Taco, Farmer's Lunch}} from Pika's.#$b#Oh, I'm thinking of visiting {{Random:Blue Moon Vineyard, Buffalo Ranch, East Scarpe, Ridgeside Village}}, as well.#$b#Hmm, {{Random:Bolin, Ayeisha, Limey}} might be there.#$b#The time? It's %time!$h.",
	"spring_3": "Hi there, stranger.$h#$b#I'm thinking of buying a {{Random:Ridgeside Shaketini, Autumn Dew Drop Juice, Cherry Berry Shakey, Snowball Slurpee, Omelet, Arugula Roll, Fried Fish a la Ridge, Fried Mountain Greens, Highland Ice Cream, Honey Glazed Salad, Ridge Fruity Plate, Snow Bowl Surprise, Zesty Tuna, Spaghetti, Lucky Lunch, Pumpkin Soup, Blackberry Cobbler, Salad, Pepper Poppers, Bean Hotpot, Tom Kha Soup, Stir Fry, Coleslaw, Fish Taco, Farmer's Lunch}} from Pika's.#$b#Oh, I'm thinking of visiting {{Random:Blue Moon Vineyard, Buffalo Ranch, East Scarpe, Ridgeside Village}}, as well.#$b#Hmm, {{Random:Bolin, Ayeisha, Limey}} might be there.#$b#The time? It's %time!$h.",
	"spring_4": "Hi there, stranger.$h#$b#I'm thinking of buying a {{Random:Ridgeside Shaketini, Autumn Dew Drop Juice, Cherry Berry Shakey, Snowball Slurpee, Omelet, Arugula Roll, Fried Fish a la Ridge, Fried Mountain Greens, Highland Ice Cream, Honey Glazed Salad, Ridge Fruity Plate, Snow Bowl Surprise, Zesty Tuna, Spaghetti, Lucky Lunch, Pumpkin Soup, Blackberry Cobbler, Salad, Pepper Poppers, Bean Hotpot, Tom Kha Soup, Stir Fry, Coleslaw, Fish Taco, Farmer's Lunch}} from Pika's.#$b#Oh, I'm thinking of visiting {{Random:Blue Moon Vineyard, Buffalo Ranch, East Scarpe, Ridgeside Village}}, as well.#$b#Hmm, {{Random:Bolin, Ayeisha, Limey}} might be there.#$b#The time? It's %time!$h.",
	"spring_5": "Hi there, stranger.$h#$b#I'm thinking of buying a {{Random:Ridgeside Shaketini, Autumn Dew Drop Juice, Cherry Berry Shakey, Snowball Slurpee, Omelet, Arugula Roll, Fried Fish a la Ridge, Fried Mountain Greens, Highland Ice Cream, Honey Glazed Salad, Ridge Fruity Plate, Snow Bowl Surprise, Zesty Tuna, Spaghetti, Lucky Lunch, Pumpkin Soup, Blackberry Cobbler, Salad, Pepper Poppers, Bean Hotpot, Tom Kha Soup, Stir Fry, Coleslaw, Fish Taco, Farmer's Lunch}} from Pika's.#$b#Oh, I'm thinking of visiting {{Random:Blue Moon Vineyard, Buffalo Ranch, East Scarpe, Ridgeside Village}}, as well.#$b#Hmm, {{Random:Bolin, Ayeisha, Limey}} might be there.#$b#The time? It's %time!$h.",
	"spring_6": "Hi there, stranger.$h#$b#I'm thinking of buying a {{Random:Ridgeside Shaketini, Autumn Dew Drop Juice, Cherry Berry Shakey, Snowball Slurpee, Omelet, Arugula Roll, Fried Fish a la Ridge, Fried Mountain Greens, Highland Ice Cream, Honey Glazed Salad, Ridge Fruity Plate, Snow Bowl Surprise, Zesty Tuna, Spaghetti, Lucky Lunch, Pumpkin Soup, Blackberry Cobbler, Salad, Pepper Poppers, Bean Hotpot, Tom Kha Soup, Stir Fry, Coleslaw, Fish Taco, Farmer's Lunch}} from Pika's.#$b#Oh, I'm thinking of visiting {{Random:Blue Moon Vineyard, Buffalo Ranch, East Scarpe, Ridgeside Village}}, as well.#$b#Hmm, {{Random:Bolin, Ayeisha, Limey}} might be there.#$b#The time? It's %time!$h.",
	"spring_7": "Hi there, stranger.$h#$b#I'm thinking of buying a {{Random:Ridgeside Shaketini, Autumn Dew Drop Juice, Cherry Berry Shakey, Snowball Slurpee, Omelet, Arugula Roll, Fried Fish a la Ridge, Fried Mountain Greens, Highland Ice Cream, Honey Glazed Salad, Ridge Fruity Plate, Snow Bowl Surprise, Zesty Tuna, Spaghetti, Lucky Lunch, Pumpkin Soup, Blackberry Cobbler, Salad, Pepper Poppers, Bean Hotpot, Tom Kha Soup, Stir Fry, Coleslaw, Fish Taco, Farmer's Lunch}} from Pika's.#$b#Oh, I'm thinking of visiting {{Random:Blue Moon Vineyard, Buffalo Ranch, East Scarpe, Ridgeside Village}}, as well.#$b#Hmm, {{Random:Bolin, Ayeisha, Limey}} might be there.#$b#The time? It's %time!$h.",
	"spring_8": "Hi there, stranger.$h#$b#I'm thinking of buying a {{Random:Ridgeside Shaketini, Autumn Dew Drop Juice, Cherry Berry Shakey, Snowball Slurpee, Omelet, Arugula Roll, Fried Fish a la Ridge, Fried Mountain Greens, Highland Ice Cream, Honey Glazed Salad, Ridge Fruity Plate, Snow Bowl Surprise, Zesty Tuna, Spaghetti, Lucky Lunch, Pumpkin Soup, Blackberry Cobbler, Salad, Pepper Poppers, Bean Hotpot, Tom Kha Soup, Stir Fry, Coleslaw, Fish Taco, Farmer's Lunch}} from Pika's.#$b#Oh, I'm thinking of visiting {{Random:Blue Moon Vineyard, Buffalo Ranch, East Scarpe, Ridgeside Village}}, as well.#$b#Hmm, {{Random:Bolin, Ayeisha, Limey}} might be there.#$b#The time? It's %time!$h.",
	"spring_9": "Hi there, stranger.$h#$b#I'm thinking of buying a {{Random:Ridgeside Shaketini, Autumn Dew Drop Juice, Cherry Berry Shakey, Snowball Slurpee, Omelet, Arugula Roll, Fried Fish a la Ridge, Fried Mountain Greens, Highland Ice Cream, Honey Glazed Salad, Ridge Fruity Plate, Snow Bowl Surprise, Zesty Tuna, Spaghetti, Lucky Lunch, Pumpkin Soup, Blackberry Cobbler, Salad, Pepper Poppers, Bean Hotpot, Tom Kha Soup, Stir Fry, Coleslaw, Fish Taco, Farmer's Lunch}} from Pika's.#$b#Oh, I'm thinking of visiting {{Random:Blue Moon Vineyard, Buffalo Ranch, East Scarpe, Ridgeside Village}}, as well.#$b#Hmm, {{Random:Bolin, Ayeisha, Limey}} might be there.#$b#The time? It's %time!$h.",
	"spring_10": "Hi there, stranger.$h#$b#I'm thinking of buying a {{Random:Ridgeside Shaketini, Autumn Dew Drop Juice, Cherry Berry Shakey, Snowball Slurpee, Omelet, Arugula Roll, Fried Fish a la Ridge, Fried Mountain Greens, Highland Ice Cream, Honey Glazed Salad, Ridge Fruity Plate, Snow Bowl Surprise, Zesty Tuna, Spaghetti, Lucky Lunch, Pumpkin Soup, Blackberry Cobbler, Salad, Pepper Poppers, Bean Hotpot, Tom Kha Soup, Stir Fry, Coleslaw, Fish Taco, Farmer's Lunch}} from Pika's.#$b#Oh, I'm thinking of visiting {{Random:Blue Moon Vineyard, Buffalo Ranch, East Scarpe, Ridgeside Village}}, as well.#$b#Hmm, {{Random:Bolin, Ayeisha, Limey}} might be there.#$b#The time? It's %time!$h.",
	"spring_11": "Hi there, stranger.$h#$b#I'm thinking of buying a {{Random:Ridgeside Shaketini, Autumn Dew Drop Juice, Cherry Berry Shakey, Snowball Slurpee, Omelet, Arugula Roll, Fried Fish a la Ridge, Fried Mountain Greens, Highland Ice Cream, Honey Glazed Salad, Ridge Fruity Plate, Snow Bowl Surprise, Zesty Tuna, Spaghetti, Lucky Lunch, Pumpkin Soup, Blackberry Cobbler, Salad, Pepper Poppers, Bean Hotpot, Tom Kha Soup, Stir Fry, Coleslaw, Fish Taco, Farmer's Lunch}} from Pika's.#$b#Oh, I'm thinking of visiting {{Random:Blue Moon Vineyard, Buffalo Ranch, East Scarpe, Ridgeside Village}}, as well.#$b#Hmm, {{Random:Bolin, Ayeisha, Limey}} might be there.#$b#The time? It's %time!$h.",
	"spring_12": "Hi there, stranger.$h#$b#I'm thinking of buying a {{Random:Ridgeside Shaketini, Autumn Dew Drop Juice, Cherry Berry Shakey, Snowball Slurpee, Omelet, Arugula Roll, Fried Fish a la Ridge, Fried Mountain Greens, Highland Ice Cream, Honey Glazed Salad, Ridge Fruity Plate, Snow Bowl Surprise, Zesty Tuna, Spaghetti, Lucky Lunch, Pumpkin Soup, Blackberry Cobbler, Salad, Pepper Poppers, Bean Hotpot, Tom Kha Soup, Stir Fry, Coleslaw, Fish Taco, Farmer's Lunch}} from Pika's.#$b#Oh, I'm thinking of visiting {{Random:Blue Moon Vineyard, Buffalo Ranch, East Scarpe, Ridgeside Village}}, as well.#$b#Hmm, {{Random:Bolin, Ayeisha, Limey}} might be there.#$b#The time? It's %time!$h.",
	"spring_13": "Hi there, stranger.$h#$b#I'm thinking of buying a {{Random:Ridgeside Shaketini, Autumn Dew Drop Juice, Cherry Berry Shakey, Snowball Slurpee, Omelet, Arugula Roll, Fried Fish a la Ridge, Fried Mountain Greens, Highland Ice Cream, Honey Glazed Salad, Ridge Fruity Plate, Snow Bowl Surprise, Zesty Tuna, Spaghetti, Lucky Lunch, Pumpkin Soup, Blackberry Cobbler, Salad, Pepper Poppers, Bean Hotpot, Tom Kha Soup, Stir Fry, Coleslaw, Fish Taco, Farmer's Lunch}} from Pika's.#$b#Oh, I'm thinking of visiting {{Random:Blue Moon Vineyard, Buffalo Ranch, East Scarpe, Ridgeside Village}}, as well.#$b#Hmm, {{Random:Bolin, Ayeisha, Limey}} might be there.#$b#The time? It's %time!$h.",
	"spring_14": "Hi there, stranger.$h#$b#I'm thinking of buying a {{Random:Ridgeside Shaketini, Autumn Dew Drop Juice, Cherry Berry Shakey, Snowball Slurpee, Omelet, Arugula Roll, Fried Fish a la Ridge, Fried Mountain Greens, Highland Ice Cream, Honey Glazed Salad, Ridge Fruity Plate, Snow Bowl Surprise, Zesty Tuna, Spaghetti, Lucky Lunch, Pumpkin Soup, Blackberry Cobbler, Salad, Pepper Poppers, Bean Hotpot, Tom Kha Soup, Stir Fry, Coleslaw, Fish Taco, Farmer's Lunch}} from Pika's.#$b#Oh, I'm thinking of visiting {{Random:Blue Moon Vineyard, Buffalo Ranch, East Scarpe, Ridgeside Village}}, as well.#$b#Hmm, {{Random:Bolin, Ayeisha, Limey}} might be there.#$b#The time? It's %time!$h.",
	"spring_15": "Hi there, stranger.$h#$b#I'm thinking of buying a {{Random:Ridgeside Shaketini, Autumn Dew Drop Juice, Cherry Berry Shakey, Snowball Slurpee, Omelet, Arugula Roll, Fried Fish a la Ridge, Fried Mountain Greens, Highland Ice Cream, Honey Glazed Salad, Ridge Fruity Plate, Snow Bowl Surprise, Zesty Tuna, Spaghetti, Lucky Lunch, Pumpkin Soup, Blackberry Cobbler, Salad, Pepper Poppers, Bean Hotpot, Tom Kha Soup, Stir Fry, Coleslaw, Fish Taco, Farmer's Lunch}} from Pika's.#$b#Oh, I'm thinking of visiting {{Random:Blue Moon Vineyard, Buffalo Ranch, East Scarpe, Ridgeside Village}}, as well.#$b#Hmm, {{Random:Bolin, Ayeisha, Limey}} might be there.#$b#The time? It's %time!$h.",
	"spring_16": "Hi there, stranger.$h#$b#I'm thinking of buying a {{Random:Ridgeside Shaketini, Autumn Dew Drop Juice, Cherry Berry Shakey, Snowball Slurpee, Omelet, Arugula Roll, Fried Fish a la Ridge, Fried Mountain Greens, Highland Ice Cream, Honey Glazed Salad, Ridge Fruity Plate, Snow Bowl Surprise, Zesty Tuna, Spaghetti, Lucky Lunch, Pumpkin Soup, Blackberry Cobbler, Salad, Pepper Poppers, Bean Hotpot, Tom Kha Soup, Stir Fry, Coleslaw, Fish Taco, Farmer's Lunch}} from Pika's.#$b#Oh, I'm thinking of visiting {{Random:Blue Moon Vineyard, Buffalo Ranch, East Scarpe, Ridgeside Village}}, as well.#$b#Hmm, {{Random:Bolin, Ayeisha, Limey}} might be there.#$b#The time? It's %time!$h.",
	"spring_17": "Hi there, stranger.$h#$b#I'm thinking of buying a {{Random:Ridgeside Shaketini, Autumn Dew Drop Juice, Cherry Berry Shakey, Snowball Slurpee, Omelet, Arugula Roll, Fried Fish a la Ridge, Fried Mountain Greens, Highland Ice Cream, Honey Glazed Salad, Ridge Fruity Plate, Snow Bowl Surprise, Zesty Tuna, Spaghetti, Lucky Lunch, Pumpkin Soup, Blackberry Cobbler, Salad, Pepper Poppers, Bean Hotpot, Tom Kha Soup, Stir Fry, Coleslaw, Fish Taco, Farmer's Lunch}} from Pika's.#$b#Oh, I'm thinking of visiting {{Random:Blue Moon Vineyard, Buffalo Ranch, East Scarpe, Ridgeside Village}}, as well.#$b#Hmm, {{Random:Bolin, Ayeisha, Limey}} might be there.#$b#The time? It's %time!$h.",
	"spring_18": "Hi there, stranger.$h#$b#I'm thinking of buying a {{Random:Ridgeside Shaketini, Autumn Dew Drop Juice, Cherry Berry Shakey, Snowball Slurpee, Omelet, Arugula Roll, Fried Fish a la Ridge, Fried Mountain Greens, Highland Ice Cream, Honey Glazed Salad, Ridge Fruity Plate, Snow Bowl Surprise, Zesty Tuna, Spaghetti, Lucky Lunch, Pumpkin Soup, Blackberry Cobbler, Salad, Pepper Poppers, Bean Hotpot, Tom Kha Soup, Stir Fry, Coleslaw, Fish Taco, Farmer's Lunch}} from Pika's.#$b#Oh, I'm thinking of visiting {{Random:Blue Moon Vineyard, Buffalo Ranch, East Scarpe, Ridgeside Village}}, as well.#$b#Hmm, {{Random:Bolin, Ayeisha, Limey}} might be there.#$b#The time? It's %time!$h.",
	"spring_19": "Hi there, stranger.$h#$b#I'm thinking of buying a {{Random:Ridgeside Shaketini, Autumn Dew Drop Juice, Cherry Berry Shakey, Snowball Slurpee, Omelet, Arugula Roll, Fried Fish a la Ridge, Fried Mountain Greens, Highland Ice Cream, Honey Glazed Salad, Ridge Fruity Plate, Snow Bowl Surprise, Zesty Tuna, Spaghetti, Lucky Lunch, Pumpkin Soup, Blackberry Cobbler, Salad, Pepper Poppers, Bean Hotpot, Tom Kha Soup, Stir Fry, Coleslaw, Fish Taco, Farmer's Lunch}} from Pika's.#$b#Oh, I'm thinking of visiting {{Random:Blue Moon Vineyard, Buffalo Ranch, East Scarpe, Ridgeside Village}}, as well.#$b#Hmm, {{Random:Bolin, Ayeisha, Limey}} might be there.#$b#The time? It's %time!$h.",
	"spring_20": "Hi there, stranger.$h#$b#I'm thinking of buying a {{Random:Ridgeside Shaketini, Autumn Dew Drop Juice, Cherry Berry Shakey, Snowball Slurpee, Omelet, Arugula Roll, Fried Fish a la Ridge, Fried Mountain Greens, Highland Ice Cream, Honey Glazed Salad, Ridge Fruity Plate, Snow Bowl Surprise, Zesty Tuna, Spaghetti, Lucky Lunch, Pumpkin Soup, Blackberry Cobbler, Salad, Pepper Poppers, Bean Hotpot, Tom Kha Soup, Stir Fry, Coleslaw, Fish Taco, Farmer's Lunch}} from Pika's.#$b#Oh, I'm thinking of visiting {{Random:Blue Moon Vineyard, Buffalo Ranch, East Scarpe, Ridgeside Village}}, as well.#$b#Hmm, {{Random:Bolin, Ayeisha, Limey}} might be there.#$b#The time? It's %time!$h.",
	"spring_21": "Hi there, stranger.$h#$b#I'm thinking of buying a {{Random:Ridgeside Shaketini, Autumn Dew Drop Juice, Cherry Berry Shakey, Snowball Slurpee, Omelet, Arugula Roll, Fried Fish a la Ridge, Fried Mountain Greens, Highland Ice Cream, Honey Glazed Salad, Ridge Fruity Plate, Snow Bowl Surprise, Zesty Tuna, Spaghetti, Lucky Lunch, Pumpkin Soup, Blackberry Cobbler, Salad, Pepper Poppers, Bean Hotpot, Tom Kha Soup, Stir Fry, Coleslaw, Fish Taco, Farmer's Lunch}} from Pika's.#$b#Oh, I'm thinking of visiting {{Random:Blue Moon Vineyard, Buffalo Ranch, East Scarpe, Ridgeside Village}}, as well.#$b#Hmm, {{Random:Bolin, Ayeisha, Limey}} might be there.#$b#The time? It's %time!$h.",
	"spring_22": "Hi there, stranger.$h#$b#I'm thinking of buying a {{Random:Ridgeside Shaketini, Autumn Dew Drop Juice, Cherry Berry Shakey, Snowball Slurpee, Omelet, Arugula Roll, Fried Fish a la Ridge, Fried Mountain Greens, Highland Ice Cream, Honey Glazed Salad, Ridge Fruity Plate, Snow Bowl Surprise, Zesty Tuna, Spaghetti, Lucky Lunch, Pumpkin Soup, Blackberry Cobbler, Salad, Pepper Poppers, Bean Hotpot, Tom Kha Soup, Stir Fry, Coleslaw, Fish Taco, Farmer's Lunch}} from Pika's.#$b#Oh, I'm thinking of visiting {{Random:Blue Moon Vineyard, Buffalo Ranch, East Scarpe, Ridgeside Village}}, as well.#$b#Hmm, {{Random:Bolin, Ayeisha, Limey}} might be there.#$b#The time? It's %time!$h.",
	"spring_23": "Hi there, stranger.$h#$b#I'm thinking of buying a {{Random:Ridgeside Shaketini, Autumn Dew Drop Juice, Cherry Berry Shakey, Snowball Slurpee, Omelet, Arugula Roll, Fried Fish a la Ridge, Fried Mountain Greens, Highland Ice Cream, Honey Glazed Salad, Ridge Fruity Plate, Snow Bowl Surprise, Zesty Tuna, Spaghetti, Lucky Lunch, Pumpkin Soup, Blackberry Cobbler, Salad, Pepper Poppers, Bean Hotpot, Tom Kha Soup, Stir Fry, Coleslaw, Fish Taco, Farmer's Lunch}} from Pika's.#$b#Oh, I'm thinking of visiting {{Random:Blue Moon Vineyard, Buffalo Ranch, East Scarpe, Ridgeside Village}}, as well.#$b#Hmm, {{Random:Bolin, Ayeisha, Limey}} might be there.#$b#The time? It's %time!$h.",
	"spring_24": "Hi there, stranger.$h#$b#I'm thinking of buying a {{Random:Ridgeside Shaketini, Autumn Dew Drop Juice, Cherry Berry Shakey, Snowball Slurpee, Omelet, Arugula Roll, Fried Fish a la Ridge, Fried Mountain Greens, Highland Ice Cream, Honey Glazed Salad, Ridge Fruity Plate, Snow Bowl Surprise, Zesty Tuna, Spaghetti, Lucky Lunch, Pumpkin Soup, Blackberry Cobbler, Salad, Pepper Poppers, Bean Hotpot, Tom Kha Soup, Stir Fry, Coleslaw, Fish Taco, Farmer's Lunch}} from Pika's.#$b#Oh, I'm thinking of visiting {{Random:Blue Moon Vineyard, Buffalo Ranch, East Scarpe, Ridgeside Village}}, as well.#$b#Hmm, {{Random:Bolin, Ayeisha, Limey}} might be there.#$b#The time? It's %time!$h.",
	"spring_25": "Hi there, stranger.$h#$b#I'm thinking of buying a {{Random:Ridgeside Shaketini, Autumn Dew Drop Juice, Cherry Berry Shakey, Snowball Slurpee, Omelet, Arugula Roll, Fried Fish a la Ridge, Fried Mountain Greens, Highland Ice Cream, Honey Glazed Salad, Ridge Fruity Plate, Snow Bowl Surprise, Zesty Tuna, Spaghetti, Lucky Lunch, Pumpkin Soup, Blackberry Cobbler, Salad, Pepper Poppers, Bean Hotpot, Tom Kha Soup, Stir Fry, Coleslaw, Fish Taco, Farmer's Lunch}} from Pika's.#$b#Oh, I'm thinking of visiting {{Random:Blue Moon Vineyard, Buffalo Ranch, East Scarpe, Ridgeside Village}}, as well.#$b#Hmm, {{Random:Bolin, Ayeisha, Limey}} might be there.#$b#The time? It's %time!$h.",
	"spring_26": "Hi there, stranger.$h#$b#I'm thinking of buying a {{Random:Ridgeside Shaketini, Autumn Dew Drop Juice, Cherry Berry Shakey, Snowball Slurpee, Omelet, Arugula Roll, Fried Fish a la Ridge, Fried Mountain Greens, Highland Ice Cream, Honey Glazed Salad, Ridge Fruity Plate, Snow Bowl Surprise, Zesty Tuna, Spaghetti, Lucky Lunch, Pumpkin Soup, Blackberry Cobbler, Salad, Pepper Poppers, Bean Hotpot, Tom Kha Soup, Stir Fry, Coleslaw, Fish Taco, Farmer's Lunch}} from Pika's.#$b#Oh, I'm thinking of visiting {{Random:Blue Moon Vineyard, Buffalo Ranch, East Scarpe, Ridgeside Village}}, as well.#$b#Hmm, {{Random:Bolin, Ayeisha, Limey}} might be there.#$b#The time? It's %time!$h.",
	"spring_27": "Hi there, stranger.$h#$b#I'm thinking of buying a {{Random:Ridgeside Shaketini, Autumn Dew Drop Juice, Cherry Berry Shakey, Snowball Slurpee, Omelet, Arugula Roll, Fried Fish a la Ridge, Fried Mountain Greens, Highland Ice Cream, Honey Glazed Salad, Ridge Fruity Plate, Snow Bowl Surprise, Zesty Tuna, Spaghetti, Lucky Lunch, Pumpkin Soup, Blackberry Cobbler, Salad, Pepper Poppers, Bean Hotpot, Tom Kha Soup, Stir Fry, Coleslaw, Fish Taco, Farmer's Lunch}} from Pika's.#$b#Oh, I'm thinking of visiting {{Random:Blue Moon Vineyard, Buffalo Ranch, East Scarpe, Ridgeside Village}}, as well.#$b#Hmm, {{Random:Bolin, Ayeisha, Limey}} might be there.#$b#The time? It's %time!$h.",
	"spring_28": "Hi there, stranger.$h#$b#I'm thinking of buying a {{Random:Ridgeside Shaketini, Autumn Dew Drop Juice, Cherry Berry Shakey, Snowball Slurpee, Omelet, Arugula Roll, Fried Fish a la Ridge, Fried Mountain Greens, Highland Ice Cream, Honey Glazed Salad, Ridge Fruity Plate, Snow Bowl Surprise, Zesty Tuna, Spaghetti, Lucky Lunch, Pumpkin Soup, Blackberry Cobbler, Salad, Pepper Poppers, Bean Hotpot, Tom Kha Soup, Stir Fry, Coleslaw, Fish Taco, Farmer's Lunch}} from Pika's.#$b#Oh, I'm thinking of visiting {{Random:Blue Moon Vineyard, Buffalo Ranch, East Scarpe, Ridgeside Village}}, as well.#$b#Hmm, {{Random:Bolin, Ayeisha, Limey}} might be there.#$b#The time? It's %time!$h.",

	//Summer
	"summer_1": "Hmm?$6#$b#Oh, hello.#$e#I'm Astra. I'm uh...$2#$b#I'm a... tourist.$3#$b#Yes! I'm a tourist!$1#$b#Just here to see the sights. I'm totally not suspicious at all!$6",
	"summer_2": "Hi there, stranger.$h#$b#I'm thinking of buying a {{Random:Ridgeside Shaketini, Autumn Dew Drop Juice, Cherry Berry Shakey, Snowball Slurpee, Omelet, Arugula Roll, Fried Fish a la Ridge, Fried Mountain Greens, Highland Ice Cream, Honey Glazed Salad, Ridge Fruity Plate, Snow Bowl Surprise, Zesty Tuna, Spaghetti, Lucky Lunch, Pumpkin Soup, Blackberry Cobbler, Salad, Pepper Poppers, Bean Hotpot, Tom Kha Soup, Stir Fry, Coleslaw, Fish Taco, Farmer's Lunch}} from Pika's.#$b#Oh, I'm thinking of visiting {{Random:Blue Moon Vineyard, Buffalo Ranch, East Scarpe, Ridgeside Village}}, as well.#$b#Hmm, {{Random:Bolin, Ayeisha, Limey}} might be there.#$b#The time? It's %time!$h.",
	"summer_3": "Hi there, stranger.$h#$b#I'm thinking of buying a {{Random:Ridgeside Shaketini, Autumn Dew Drop Juice, Cherry Berry Shakey, Snowball Slurpee, Omelet, Arugula Roll, Fried Fish a la Ridge, Fried Mountain Greens, Highland Ice Cream, Honey Glazed Salad, Ridge Fruity Plate, Snow Bowl Surprise, Zesty Tuna, Spaghetti, Lucky Lunch, Pumpkin Soup, Blackberry Cobbler, Salad, Pepper Poppers, Bean Hotpot, Tom Kha Soup, Stir Fry, Coleslaw, Fish Taco, Farmer's Lunch}} from Pika's.#$b#Oh, I'm thinking of visiting {{Random:Blue Moon Vineyard, Buffalo Ranch, East Scarpe, Ridgeside Village}}, as well.#$b#Hmm, {{Random:Bolin, Ayeisha, Limey}} might be there.#$b#The time? It's %time!$h.",
	"summer_4": "Hi there, stranger.$h#$b#I'm thinking of buying a {{Random:Ridgeside Shaketini, Autumn Dew Drop Juice, Cherry Berry Shakey, Snowball Slurpee, Omelet, Arugula Roll, Fried Fish a la Ridge, Fried Mountain Greens, Highland Ice Cream, Honey Glazed Salad, Ridge Fruity Plate, Snow Bowl Surprise, Zesty Tuna, Spaghetti, Lucky Lunch, Pumpkin Soup, Blackberry Cobbler, Salad, Pepper Poppers, Bean Hotpot, Tom Kha Soup, Stir Fry, Coleslaw, Fish Taco, Farmer's Lunch}} from Pika's.#$b#Oh, I'm thinking of visiting {{Random:Blue Moon Vineyard, Buffalo Ranch, East Scarpe, Ridgeside Village}}, as well.#$b#Hmm, {{Random:Bolin, Ayeisha, Limey}} might be there.#$b#The time? It's %time!$h.",
	"summer_5": "Hi there, stranger.$h#$b#I'm thinking of buying a {{Random:Ridgeside Shaketini, Autumn Dew Drop Juice, Cherry Berry Shakey, Snowball Slurpee, Omelet, Arugula Roll, Fried Fish a la Ridge, Fried Mountain Greens, Highland Ice Cream, Honey Glazed Salad, Ridge Fruity Plate, Snow Bowl Surprise, Zesty Tuna, Spaghetti, Lucky Lunch, Pumpkin Soup, Blackberry Cobbler, Salad, Pepper Poppers, Bean Hotpot, Tom Kha Soup, Stir Fry, Coleslaw, Fish Taco, Farmer's Lunch}} from Pika's.#$b#Oh, I'm thinking of visiting {{Random:Blue Moon Vineyard, Buffalo Ranch, East Scarpe, Ridgeside Village}}, as well.#$b#Hmm, {{Random:Bolin, Ayeisha, Limey}} might be there.#$b#The time? It's %time!$h.",
	"summer_6": "Hi there, stranger.$h#$b#I'm thinking of buying a {{Random:Ridgeside Shaketini, Autumn Dew Drop Juice, Cherry Berry Shakey, Snowball Slurpee, Omelet, Arugula Roll, Fried Fish a la Ridge, Fried Mountain Greens, Highland Ice Cream, Honey Glazed Salad, Ridge Fruity Plate, Snow Bowl Surprise, Zesty Tuna, Spaghetti, Lucky Lunch, Pumpkin Soup, Blackberry Cobbler, Salad, Pepper Poppers, Bean Hotpot, Tom Kha Soup, Stir Fry, Coleslaw, Fish Taco, Farmer's Lunch}} from Pika's.#$b#Oh, I'm thinking of visiting {{Random:Blue Moon Vineyard, Buffalo Ranch, East Scarpe, Ridgeside Village}}, as well.#$b#Hmm, {{Random:Bolin, Ayeisha, Limey}} might be there.#$b#The time? It's %time!$h.",
	"summer_7": "Hi there, stranger.$h#$b#I'm thinking of buying a {{Random:Ridgeside Shaketini, Autumn Dew Drop Juice, Cherry Berry Shakey, Snowball Slurpee, Omelet, Arugula Roll, Fried Fish a la Ridge, Fried Mountain Greens, Highland Ice Cream, Honey Glazed Salad, Ridge Fruity Plate, Snow Bowl Surprise, Zesty Tuna, Spaghetti, Lucky Lunch, Pumpkin Soup, Blackberry Cobbler, Salad, Pepper Poppers, Bean Hotpot, Tom Kha Soup, Stir Fry, Coleslaw, Fish Taco, Farmer's Lunch}} from Pika's.#$b#Oh, I'm thinking of visiting {{Random:Blue Moon Vineyard, Buffalo Ranch, East Scarpe, Ridgeside Village}}, as well.#$b#Hmm, {{Random:Bolin, Ayeisha, Limey}} might be there.#$b#The time? It's %time!$h.",
	"summer_8": "Hi there, stranger.$h#$b#I'm thinking of buying a {{Random:Ridgeside Shaketini, Autumn Dew Drop Juice, Cherry Berry Shakey, Snowball Slurpee, Omelet, Arugula Roll, Fried Fish a la Ridge, Fried Mountain Greens, Highland Ice Cream, Honey Glazed Salad, Ridge Fruity Plate, Snow Bowl Surprise, Zesty Tuna, Spaghetti, Lucky Lunch, Pumpkin Soup, Blackberry Cobbler, Salad, Pepper Poppers, Bean Hotpot, Tom Kha Soup, Stir Fry, Coleslaw, Fish Taco, Farmer's Lunch}} from Pika's.#$b#Oh, I'm thinking of visiting {{Random:Blue Moon Vineyard, Buffalo Ranch, East Scarpe, Ridgeside Village}}, as well.#$b#Hmm, {{Random:Bolin, Ayeisha, Limey}} might be there.#$b#The time? It's %time!$h.",
	"summer_9": "Hi there, stranger.$h#$b#I'm thinking of buying a {{Random:Ridgeside Shaketini, Autumn Dew Drop Juice, Cherry Berry Shakey, Snowball Slurpee, Omelet, Arugula Roll, Fried Fish a la Ridge, Fried Mountain Greens, Highland Ice Cream, Honey Glazed Salad, Ridge Fruity Plate, Snow Bowl Surprise, Zesty Tuna, Spaghetti, Lucky Lunch, Pumpkin Soup, Blackberry Cobbler, Salad, Pepper Poppers, Bean Hotpot, Tom Kha Soup, Stir Fry, Coleslaw, Fish Taco, Farmer's Lunch}} from Pika's.#$b#Oh, I'm thinking of visiting {{Random:Blue Moon Vineyard, Buffalo Ranch, East Scarpe, Ridgeside Village}}, as well.#$b#Hmm, {{Random:Bolin, Ayeisha, Limey}} might be there.#$b#The time? It's %time!$h.",
	"summer_10": "Hi there, stranger.$h#$b#I'm thinking of buying a {{Random:Ridgeside Shaketini, Autumn Dew Drop Juice, Cherry Berry Shakey, Snowball Slurpee, Omelet, Arugula Roll, Fried Fish a la Ridge, Fried Mountain Greens, Highland Ice Cream, Honey Glazed Salad, Ridge Fruity Plate, Snow Bowl Surprise, Zesty Tuna, Spaghetti, Lucky Lunch, Pumpkin Soup, Blackberry Cobbler, Salad, Pepper Poppers, Bean Hotpot, Tom Kha Soup, Stir Fry, Coleslaw, Fish Taco, Farmer's Lunch}} from Pika's.#$b#Oh, I'm thinking of visiting {{Random:Blue Moon Vineyard, Buffalo Ranch, East Scarpe, Ridgeside Village}}, as well.#$b#Hmm, {{Random:Bolin, Ayeisha, Limey}} might be there.#$b#The time? It's %time!$h.",
	"summer_11": "Hi there, stranger.$h#$b#I'm thinking of buying a {{Random:Ridgeside Shaketini, Autumn Dew Drop Juice, Cherry Berry Shakey, Snowball Slurpee, Omelet, Arugula Roll, Fried Fish a la Ridge, Fried Mountain Greens, Highland Ice Cream, Honey Glazed Salad, Ridge Fruity Plate, Snow Bowl Surprise, Zesty Tuna, Spaghetti, Lucky Lunch, Pumpkin Soup, Blackberry Cobbler, Salad, Pepper Poppers, Bean Hotpot, Tom Kha Soup, Stir Fry, Coleslaw, Fish Taco, Farmer's Lunch}} from Pika's.#$b#Oh, I'm thinking of visiting {{Random:Blue Moon Vineyard, Buffalo Ranch, East Scarpe, Ridgeside Village}}, as well.#$b#Hmm, {{Random:Bolin, Ayeisha, Limey}} might be there.#$b#The time? It's %time!$h.",
	"summer_12": "Hi there, stranger.$h#$b#I'm thinking of buying a {{Random:Ridgeside Shaketini, Autumn Dew Drop Juice, Cherry Berry Shakey, Snowball Slurpee, Omelet, Arugula Roll, Fried Fish a la Ridge, Fried Mountain Greens, Highland Ice Cream, Honey Glazed Salad, Ridge Fruity Plate, Snow Bowl Surprise, Zesty Tuna, Spaghetti, Lucky Lunch, Pumpkin Soup, Blackberry Cobbler, Salad, Pepper Poppers, Bean Hotpot, Tom Kha Soup, Stir Fry, Coleslaw, Fish Taco, Farmer's Lunch}} from Pika's.#$b#Oh, I'm thinking of visiting {{Random:Blue Moon Vineyard, Buffalo Ranch, East Scarpe, Ridgeside Village}}, as well.#$b#Hmm, {{Random:Bolin, Ayeisha, Limey}} might be there.#$b#The time? It's %time!$h.",
	"summer_13": "Hi there, stranger.$h#$b#I'm thinking of buying a {{Random:Ridgeside Shaketini, Autumn Dew Drop Juice, Cherry Berry Shakey, Snowball Slurpee, Omelet, Arugula Roll, Fried Fish a la Ridge, Fried Mountain Greens, Highland Ice Cream, Honey Glazed Salad, Ridge Fruity Plate, Snow Bowl Surprise, Zesty Tuna, Spaghetti, Lucky Lunch, Pumpkin Soup, Blackberry Cobbler, Salad, Pepper Poppers, Bean Hotpot, Tom Kha Soup, Stir Fry, Coleslaw, Fish Taco, Farmer's Lunch}} from Pika's.#$b#Oh, I'm thinking of visiting {{Random:Blue Moon Vineyard, Buffalo Ranch, East Scarpe, Ridgeside Village}}, as well.#$b#Hmm, {{Random:Bolin, Ayeisha, Limey}} might be there.#$b#The time? It's %time!$h.",
	"summer_14": "Hi there, stranger.$h#$b#I'm thinking of buying a {{Random:Ridgeside Shaketini, Autumn Dew Drop Juice, Cherry Berry Shakey, Snowball Slurpee, Omelet, Arugula Roll, Fried Fish a la Ridge, Fried Mountain Greens, Highland Ice Cream, Honey Glazed Salad, Ridge Fruity Plate, Snow Bowl Surprise, Zesty Tuna, Spaghetti, Lucky Lunch, Pumpkin Soup, Blackberry Cobbler, Salad, Pepper Poppers, Bean Hotpot, Tom Kha Soup, Stir Fry, Coleslaw, Fish Taco, Farmer's Lunch}} from Pika's.#$b#Oh, I'm thinking of visiting {{Random:Blue Moon Vineyard, Buffalo Ranch, East Scarpe, Ridgeside Village}}, as well.#$b#Hmm, {{Random:Bolin, Ayeisha, Limey}} might be there.#$b#The time? It's %time!$h.",
	"summer_15": "Hi there, stranger.$h#$b#I'm thinking of buying a {{Random:Ridgeside Shaketini, Autumn Dew Drop Juice, Cherry Berry Shakey, Snowball Slurpee, Omelet, Arugula Roll, Fried Fish a la Ridge, Fried Mountain Greens, Highland Ice Cream, Honey Glazed Salad, Ridge Fruity Plate, Snow Bowl Surprise, Zesty Tuna, Spaghetti, Lucky Lunch, Pumpkin Soup, Blackberry Cobbler, Salad, Pepper Poppers, Bean Hotpot, Tom Kha Soup, Stir Fry, Coleslaw, Fish Taco, Farmer's Lunch}} from Pika's.#$b#Oh, I'm thinking of visiting {{Random:Blue Moon Vineyard, Buffalo Ranch, East Scarpe, Ridgeside Village}}, as well.#$b#Hmm, {{Random:Bolin, Ayeisha, Limey}} might be there.#$b#The time? It's %time!$h.",
	"summer_16": "Hi there, stranger.$h#$b#I'm thinking of buying a {{Random:Ridgeside Shaketini, Autumn Dew Drop Juice, Cherry Berry Shakey, Snowball Slurpee, Omelet, Arugula Roll, Fried Fish a la Ridge, Fried Mountain Greens, Highland Ice Cream, Honey Glazed Salad, Ridge Fruity Plate, Snow Bowl Surprise, Zesty Tuna, Spaghetti, Lucky Lunch, Pumpkin Soup, Blackberry Cobbler, Salad, Pepper Poppers, Bean Hotpot, Tom Kha Soup, Stir Fry, Coleslaw, Fish Taco, Farmer's Lunch}} from Pika's.#$b#Oh, I'm thinking of visiting {{Random:Blue Moon Vineyard, Buffalo Ranch, East Scarpe, Ridgeside Village}}, as well.#$b#Hmm, {{Random:Bolin, Ayeisha, Limey}} might be there.#$b#The time? It's %time!$h.",
	"summer_17": "Hi there, stranger.$h#$b#I'm thinking of buying a {{Random:Ridgeside Shaketini, Autumn Dew Drop Juice, Cherry Berry Shakey, Snowball Slurpee, Omelet, Arugula Roll, Fried Fish a la Ridge, Fried Mountain Greens, Highland Ice Cream, Honey Glazed Salad, Ridge Fruity Plate, Snow Bowl Surprise, Zesty Tuna, Spaghetti, Lucky Lunch, Pumpkin Soup, Blackberry Cobbler, Salad, Pepper Poppers, Bean Hotpot, Tom Kha Soup, Stir Fry, Coleslaw, Fish Taco, Farmer's Lunch}} from Pika's.#$b#Oh, I'm thinking of visiting {{Random:Blue Moon Vineyard, Buffalo Ranch, East Scarpe, Ridgeside Village}}, as well.#$b#Hmm, {{Random:Bolin, Ayeisha, Limey}} might be there.#$b#The time? It's %time!$h.",
	"summer_18": "Hi there, stranger.$h#$b#I'm thinking of buying a {{Random:Ridgeside Shaketini, Autumn Dew Drop Juice, Cherry Berry Shakey, Snowball Slurpee, Omelet, Arugula Roll, Fried Fish a la Ridge, Fried Mountain Greens, Highland Ice Cream, Honey Glazed Salad, Ridge Fruity Plate, Snow Bowl Surprise, Zesty Tuna, Spaghetti, Lucky Lunch, Pumpkin Soup, Blackberry Cobbler, Salad, Pepper Poppers, Bean Hotpot, Tom Kha Soup, Stir Fry, Coleslaw, Fish Taco, Farmer's Lunch}} from Pika's.#$b#Oh, I'm thinking of visiting {{Random:Blue Moon Vineyard, Buffalo Ranch, East Scarpe, Ridgeside Village}}, as well.#$b#Hmm, {{Random:Bolin, Ayeisha, Limey}} might be there.#$b#The time? It's %time!$h.",
	"summer_19": "Hi there, stranger.$h#$b#I'm thinking of buying a {{Random:Ridgeside Shaketini, Autumn Dew Drop Juice, Cherry Berry Shakey, Snowball Slurpee, Omelet, Arugula Roll, Fried Fish a la Ridge, Fried Mountain Greens, Highland Ice Cream, Honey Glazed Salad, Ridge Fruity Plate, Snow Bowl Surprise, Zesty Tuna, Spaghetti, Lucky Lunch, Pumpkin Soup, Blackberry Cobbler, Salad, Pepper Poppers, Bean Hotpot, Tom Kha Soup, Stir Fry, Coleslaw, Fish Taco, Farmer's Lunch}} from Pika's.#$b#Oh, I'm thinking of visiting {{Random:Blue Moon Vineyard, Buffalo Ranch, East Scarpe, Ridgeside Village}}, as well.#$b#Hmm, {{Random:Bolin, Ayeisha, Limey}} might be there.#$b#The time? It's %time!$h.",
	"summer_20": "Hi there, stranger.$h#$b#I'm thinking of buying a {{Random:Ridgeside Shaketini, Autumn Dew Drop Juice, Cherry Berry Shakey, Snowball Slurpee, Omelet, Arugula Roll, Fried Fish a la Ridge, Fried Mountain Greens, Highland Ice Cream, Honey Glazed Salad, Ridge Fruity Plate, Snow Bowl Surprise, Zesty Tuna, Spaghetti, Lucky Lunch, Pumpkin Soup, Blackberry Cobbler, Salad, Pepper Poppers, Bean Hotpot, Tom Kha Soup, Stir Fry, Coleslaw, Fish Taco, Farmer's Lunch}} from Pika's.#$b#Oh, I'm thinking of visiting {{Random:Blue Moon Vineyard, Buffalo Ranch, East Scarpe, Ridgeside Village}}, as well.#$b#Hmm, {{Random:Bolin, Ayeisha, Limey}} might be there.#$b#The time? It's %time!$h.",
	"summer_21": "Hi there, stranger.$h#$b#I'm thinking of buying a {{Random:Ridgeside Shaketini, Autumn Dew Drop Juice, Cherry Berry Shakey, Snowball Slurpee, Omelet, Arugula Roll, Fried Fish a la Ridge, Fried Mountain Greens, Highland Ice Cream, Honey Glazed Salad, Ridge Fruity Plate, Snow Bowl Surprise, Zesty Tuna, Spaghetti, Lucky Lunch, Pumpkin Soup, Blackberry Cobbler, Salad, Pepper Poppers, Bean Hotpot, Tom Kha Soup, Stir Fry, Coleslaw, Fish Taco, Farmer's Lunch}} from Pika's.#$b#Oh, I'm thinking of visiting {{Random:Blue Moon Vineyard, Buffalo Ranch, East Scarpe, Ridgeside Village}}, as well.#$b#Hmm, {{Random:Bolin, Ayeisha, Limey}} might be there.#$b#The time? It's %time!$h.",
	"summer_22": "Hi there, stranger.$h#$b#I'm thinking of buying a {{Random:Ridgeside Shaketini, Autumn Dew Drop Juice, Cherry Berry Shakey, Snowball Slurpee, Omelet, Arugula Roll, Fried Fish a la Ridge, Fried Mountain Greens, Highland Ice Cream, Honey Glazed Salad, Ridge Fruity Plate, Snow Bowl Surprise, Zesty Tuna, Spaghetti, Lucky Lunch, Pumpkin Soup, Blackberry Cobbler, Salad, Pepper Poppers, Bean Hotpot, Tom Kha Soup, Stir Fry, Coleslaw, Fish Taco, Farmer's Lunch}} from Pika's.#$b#Oh, I'm thinking of visiting {{Random:Blue Moon Vineyard, Buffalo Ranch, East Scarpe, Ridgeside Village}}, as well.#$b#Hmm, {{Random:Bolin, Ayeisha, Limey}} might be there.#$b#The time? It's %time!$h.",
	"summer_23": "Hi there, stranger.$h#$b#I'm thinking of buying a {{Random:Ridgeside Shaketini, Autumn Dew Drop Juice, Cherry Berry Shakey, Snowball Slurpee, Omelet, Arugula Roll, Fried Fish a la Ridge, Fried Mountain Greens, Highland Ice Cream, Honey Glazed Salad, Ridge Fruity Plate, Snow Bowl Surprise, Zesty Tuna, Spaghetti, Lucky Lunch, Pumpkin Soup, Blackberry Cobbler, Salad, Pepper Poppers, Bean Hotpot, Tom Kha Soup, Stir Fry, Coleslaw, Fish Taco, Farmer's Lunch}} from Pika's.#$b#Oh, I'm thinking of visiting {{Random:Blue Moon Vineyard, Buffalo Ranch, East Scarpe, Ridgeside Village}}, as well.#$b#Hmm, {{Random:Bolin, Ayeisha, Limey}} might be there.#$b#The time? It's %time!$h.",
	"summer_24": "Hi there, stranger.$h#$b#I'm thinking of buying a {{Random:Ridgeside Shaketini, Autumn Dew Drop Juice, Cherry Berry Shakey, Snowball Slurpee, Omelet, Arugula Roll, Fried Fish a la Ridge, Fried Mountain Greens, Highland Ice Cream, Honey Glazed Salad, Ridge Fruity Plate, Snow Bowl Surprise, Zesty Tuna, Spaghetti, Lucky Lunch, Pumpkin Soup, Blackberry Cobbler, Salad, Pepper Poppers, Bean Hotpot, Tom Kha Soup, Stir Fry, Coleslaw, Fish Taco, Farmer's Lunch}} from Pika's.#$b#Oh, I'm thinking of visiting {{Random:Blue Moon Vineyard, Buffalo Ranch, East Scarpe, Ridgeside Village}}, as well.#$b#Hmm, {{Random:Bolin, Ayeisha, Limey}} might be there.#$b#The time? It's %time!$h.",
	"summer_25": "Hi there, stranger.$h#$b#I'm thinking of buying a {{Random:Ridgeside Shaketini, Autumn Dew Drop Juice, Cherry Berry Shakey, Snowball Slurpee, Omelet, Arugula Roll, Fried Fish a la Ridge, Fried Mountain Greens, Highland Ice Cream, Honey Glazed Salad, Ridge Fruity Plate, Snow Bowl Surprise, Zesty Tuna, Spaghetti, Lucky Lunch, Pumpkin Soup, Blackberry Cobbler, Salad, Pepper Poppers, Bean Hotpot, Tom Kha Soup, Stir Fry, Coleslaw, Fish Taco, Farmer's Lunch}} from Pika's.#$b#Oh, I'm thinking of visiting {{Random:Blue Moon Vineyard, Buffalo Ranch, East Scarpe, Ridgeside Village}}, as well.#$b#Hmm, {{Random:Bolin, Ayeisha, Limey}} might be there.#$b#The time? It's %time!$h.",
	"summer_26": "Hi there, stranger.$h#$b#I'm thinking of buying a {{Random:Ridgeside Shaketini, Autumn Dew Drop Juice, Cherry Berry Shakey, Snowball Slurpee, Omelet, Arugula Roll, Fried Fish a la Ridge, Fried Mountain Greens, Highland Ice Cream, Honey Glazed Salad, Ridge Fruity Plate, Snow Bowl Surprise, Zesty Tuna, Spaghetti, Lucky Lunch, Pumpkin Soup, Blackberry Cobbler, Salad, Pepper Poppers, Bean Hotpot, Tom Kha Soup, Stir Fry, Coleslaw, Fish Taco, Farmer's Lunch}} from Pika's.#$b#Oh, I'm thinking of visiting {{Random:Blue Moon Vineyard, Buffalo Ranch, East Scarpe, Ridgeside Village}}, as well.#$b#Hmm, {{Random:Bolin, Ayeisha, Limey}} might be there.#$b#The time? It's %time!$h.",
	"summer_27": "Hi there, stranger.$h#$b#I'm thinking of buying a {{Random:Ridgeside Shaketini, Autumn Dew Drop Juice, Cherry Berry Shakey, Snowball Slurpee, Omelet, Arugula Roll, Fried Fish a la Ridge, Fried Mountain Greens, Highland Ice Cream, Honey Glazed Salad, Ridge Fruity Plate, Snow Bowl Surprise, Zesty Tuna, Spaghetti, Lucky Lunch, Pumpkin Soup, Blackberry Cobbler, Salad, Pepper Poppers, Bean Hotpot, Tom Kha Soup, Stir Fry, Coleslaw, Fish Taco, Farmer's Lunch}} from Pika's.#$b#Oh, I'm thinking of visiting {{Random:Blue Moon Vineyard, Buffalo Ranch, East Scarpe, Ridgeside Village}}, as well.#$b#Hmm, {{Random:Bolin, Ayeisha, Limey}} might be there.#$b#The time? It's %time!$h.",
	"summer_28": "Hi there, stranger.$h#$b#I'm thinking of buying a {{Random:Ridgeside Shaketini, Autumn Dew Drop Juice, Cherry Berry Shakey, Snowball Slurpee, Omelet, Arugula Roll, Fried Fish a la Ridge, Fried Mountain Greens, Highland Ice Cream, Honey Glazed Salad, Ridge Fruity Plate, Snow Bowl Surprise, Zesty Tuna, Spaghetti, Lucky Lunch, Pumpkin Soup, Blackberry Cobbler, Salad, Pepper Poppers, Bean Hotpot, Tom Kha Soup, Stir Fry, Coleslaw, Fish Taco, Farmer's Lunch}} from Pika's.#$b#Oh, I'm thinking of visiting {{Random:Blue Moon Vineyard, Buffalo Ranch, East Scarpe, Ridgeside Village}}, as well.#$b#Hmm, {{Random:Bolin, Ayeisha, Limey}} might be there.#$b#The time? It's %time!$h.",	

	//Fall
	"fall_1": "Hmm?$6#$b#Oh, hello.#$e#I'm Astra. I'm uh...$2#$b#I'm a... tourist.$3#$b#Yes! I'm a tourist!$1#$b#Just here to see the sights. I'm totally not suspicious at all!$6",
	"fall_2": "Hi there, stranger.$h#$b#I'm thinking of buying a {{Random:Ridgeside Shaketini, Autumn Dew Drop Juice, Cherry Berry Shakey, Snowball Slurpee, Omelet, Arugula Roll, Fried Fish a la Ridge, Fried Mountain Greens, Highland Ice Cream, Honey Glazed Salad, Ridge Fruity Plate, Snow Bowl Surprise, Zesty Tuna, Spaghetti, Lucky Lunch, Pumpkin Soup, Blackberry Cobbler, Salad, Pepper Poppers, Bean Hotpot, Tom Kha Soup, Stir Fry, Coleslaw, Fish Taco, Farmer's Lunch}} from Pika's.#$b#Oh, I'm thinking of visiting {{Random:Blue Moon Vineyard, Buffalo Ranch, East Scarpe, Ridgeside Village}}, as well.#$b#Hmm, {{Random:Bolin, Ayeisha, Limey}} might be there.#$b#The time? It's %time!$h.",
	"fall_3": "Hi there, stranger.$h#$b#I'm thinking of buying a {{Random:Ridgeside Shaketini, Autumn Dew Drop Juice, Cherry Berry Shakey, Snowball Slurpee, Omelet, Arugula Roll, Fried Fish a la Ridge, Fried Mountain Greens, Highland Ice Cream, Honey Glazed Salad, Ridge Fruity Plate, Snow Bowl Surprise, Zesty Tuna, Spaghetti, Lucky Lunch, Pumpkin Soup, Blackberry Cobbler, Salad, Pepper Poppers, Bean Hotpot, Tom Kha Soup, Stir Fry, Coleslaw, Fish Taco, Farmer's Lunch}} from Pika's.#$b#Oh, I'm thinking of visiting {{Random:Blue Moon Vineyard, Buffalo Ranch, East Scarpe, Ridgeside Village}}, as well.#$b#Hmm, {{Random:Bolin, Ayeisha, Limey}} might be there.#$b#The time? It's %time!$h.",
	"fall_4": "Hi there, stranger.$h#$b#I'm thinking of buying a {{Random:Ridgeside Shaketini, Autumn Dew Drop Juice, Cherry Berry Shakey, Snowball Slurpee, Omelet, Arugula Roll, Fried Fish a la Ridge, Fried Mountain Greens, Highland Ice Cream, Honey Glazed Salad, Ridge Fruity Plate, Snow Bowl Surprise, Zesty Tuna, Spaghetti, Lucky Lunch, Pumpkin Soup, Blackberry Cobbler, Salad, Pepper Poppers, Bean Hotpot, Tom Kha Soup, Stir Fry, Coleslaw, Fish Taco, Farmer's Lunch}} from Pika's.#$b#Oh, I'm thinking of visiting {{Random:Blue Moon Vineyard, Buffalo Ranch, East Scarpe, Ridgeside Village}}, as well.#$b#Hmm, {{Random:Bolin, Ayeisha, Limey}} might be there.#$b#The time? It's %time!$h.",
	"fall_5": "Hi there, stranger.$h#$b#I'm thinking of buying a {{Random:Ridgeside Shaketini, Autumn Dew Drop Juice, Cherry Berry Shakey, Snowball Slurpee, Omelet, Arugula Roll, Fried Fish a la Ridge, Fried Mountain Greens, Highland Ice Cream, Honey Glazed Salad, Ridge Fruity Plate, Snow Bowl Surprise, Zesty Tuna, Spaghetti, Lucky Lunch, Pumpkin Soup, Blackberry Cobbler, Salad, Pepper Poppers, Bean Hotpot, Tom Kha Soup, Stir Fry, Coleslaw, Fish Taco, Farmer's Lunch}} from Pika's.#$b#Oh, I'm thinking of visiting {{Random:Blue Moon Vineyard, Buffalo Ranch, East Scarpe, Ridgeside Village}}, as well.#$b#Hmm, {{Random:Bolin, Ayeisha, Limey}} might be there.#$b#The time? It's %time!$h.",
	"fall_6": "Hi there, stranger.$h#$b#I'm thinking of buying a {{Random:Ridgeside Shaketini, Autumn Dew Drop Juice, Cherry Berry Shakey, Snowball Slurpee, Omelet, Arugula Roll, Fried Fish a la Ridge, Fried Mountain Greens, Highland Ice Cream, Honey Glazed Salad, Ridge Fruity Plate, Snow Bowl Surprise, Zesty Tuna, Spaghetti, Lucky Lunch, Pumpkin Soup, Blackberry Cobbler, Salad, Pepper Poppers, Bean Hotpot, Tom Kha Soup, Stir Fry, Coleslaw, Fish Taco, Farmer's Lunch}} from Pika's.#$b#Oh, I'm thinking of visiting {{Random:Blue Moon Vineyard, Buffalo Ranch, East Scarpe, Ridgeside Village}}, as well.#$b#Hmm, {{Random:Bolin, Ayeisha, Limey}} might be there.#$b#The time? It's %time!$h.",
	"fall_7": "Hi there, stranger.$h#$b#I'm thinking of buying a {{Random:Ridgeside Shaketini, Autumn Dew Drop Juice, Cherry Berry Shakey, Snowball Slurpee, Omelet, Arugula Roll, Fried Fish a la Ridge, Fried Mountain Greens, Highland Ice Cream, Honey Glazed Salad, Ridge Fruity Plate, Snow Bowl Surprise, Zesty Tuna, Spaghetti, Lucky Lunch, Pumpkin Soup, Blackberry Cobbler, Salad, Pepper Poppers, Bean Hotpot, Tom Kha Soup, Stir Fry, Coleslaw, Fish Taco, Farmer's Lunch}} from Pika's.#$b#Oh, I'm thinking of visiting {{Random:Blue Moon Vineyard, Buffalo Ranch, East Scarpe, Ridgeside Village}}, as well.#$b#Hmm, {{Random:Bolin, Ayeisha, Limey}} might be there.#$b#The time? It's %time!$h.",
	"fall_8": "Hi there, stranger.$h#$b#I'm thinking of buying a {{Random:Ridgeside Shaketini, Autumn Dew Drop Juice, Cherry Berry Shakey, Snowball Slurpee, Omelet, Arugula Roll, Fried Fish a la Ridge, Fried Mountain Greens, Highland Ice Cream, Honey Glazed Salad, Ridge Fruity Plate, Snow Bowl Surprise, Zesty Tuna, Spaghetti, Lucky Lunch, Pumpkin Soup, Blackberry Cobbler, Salad, Pepper Poppers, Bean Hotpot, Tom Kha Soup, Stir Fry, Coleslaw, Fish Taco, Farmer's Lunch}} from Pika's.#$b#Oh, I'm thinking of visiting {{Random:Blue Moon Vineyard, Buffalo Ranch, East Scarpe, Ridgeside Village}}, as well.#$b#Hmm, {{Random:Bolin, Ayeisha, Limey}} might be there.#$b#The time? It's %time!$h.",
	"fall_9": "Hi there, stranger.$h#$b#I'm thinking of buying a {{Random:Ridgeside Shaketini, Autumn Dew Drop Juice, Cherry Berry Shakey, Snowball Slurpee, Omelet, Arugula Roll, Fried Fish a la Ridge, Fried Mountain Greens, Highland Ice Cream, Honey Glazed Salad, Ridge Fruity Plate, Snow Bowl Surprise, Zesty Tuna, Spaghetti, Lucky Lunch, Pumpkin Soup, Blackberry Cobbler, Salad, Pepper Poppers, Bean Hotpot, Tom Kha Soup, Stir Fry, Coleslaw, Fish Taco, Farmer's Lunch}} from Pika's.#$b#Oh, I'm thinking of visiting {{Random:Blue Moon Vineyard, Buffalo Ranch, East Scarpe, Ridgeside Village}}, as well.#$b#Hmm, {{Random:Bolin, Ayeisha, Limey}} might be there.#$b#The time? It's %time!$h.",
	"fall_10": "Hi there, stranger.$h#$b#I'm thinking of buying a {{Random:Ridgeside Shaketini, Autumn Dew Drop Juice, Cherry Berry Shakey, Snowball Slurpee, Omelet, Arugula Roll, Fried Fish a la Ridge, Fried Mountain Greens, Highland Ice Cream, Honey Glazed Salad, Ridge Fruity Plate, Snow Bowl Surprise, Zesty Tuna, Spaghetti, Lucky Lunch, Pumpkin Soup, Blackberry Cobbler, Salad, Pepper Poppers, Bean Hotpot, Tom Kha Soup, Stir Fry, Coleslaw, Fish Taco, Farmer's Lunch}} from Pika's.#$b#Oh, I'm thinking of visiting {{Random:Blue Moon Vineyard, Buffalo Ranch, East Scarpe, Ridgeside Village}}, as well.#$b#Hmm, {{Random:Bolin, Ayeisha, Limey}} might be there.#$b#The time? It's %time!$h.",
	"fall_11": "Hi there, stranger.$h#$b#I'm thinking of buying a {{Random:Ridgeside Shaketini, Autumn Dew Drop Juice, Cherry Berry Shakey, Snowball Slurpee, Omelet, Arugula Roll, Fried Fish a la Ridge, Fried Mountain Greens, Highland Ice Cream, Honey Glazed Salad, Ridge Fruity Plate, Snow Bowl Surprise, Zesty Tuna, Spaghetti, Lucky Lunch, Pumpkin Soup, Blackberry Cobbler, Salad, Pepper Poppers, Bean Hotpot, Tom Kha Soup, Stir Fry, Coleslaw, Fish Taco, Farmer's Lunch}} from Pika's.#$b#Oh, I'm thinking of visiting {{Random:Blue Moon Vineyard, Buffalo Ranch, East Scarpe, Ridgeside Village}}, as well.#$b#Hmm, {{Random:Bolin, Ayeisha, Limey}} might be there.#$b#The time? It's %time!$h.",
	"fall_12": "Hi there, stranger.$h#$b#I'm thinking of buying a {{Random:Ridgeside Shaketini, Autumn Dew Drop Juice, Cherry Berry Shakey, Snowball Slurpee, Omelet, Arugula Roll, Fried Fish a la Ridge, Fried Mountain Greens, Highland Ice Cream, Honey Glazed Salad, Ridge Fruity Plate, Snow Bowl Surprise, Zesty Tuna, Spaghetti, Lucky Lunch, Pumpkin Soup, Blackberry Cobbler, Salad, Pepper Poppers, Bean Hotpot, Tom Kha Soup, Stir Fry, Coleslaw, Fish Taco, Farmer's Lunch}} from Pika's.#$b#Oh, I'm thinking of visiting {{Random:Blue Moon Vineyard, Buffalo Ranch, East Scarpe, Ridgeside Village}}, as well.#$b#Hmm, {{Random:Bolin, Ayeisha, Limey}} might be there.#$b#The time? It's %time!$h.",
	"fall_13": "Hi there, stranger.$h#$b#I'm thinking of buying a {{Random:Ridgeside Shaketini, Autumn Dew Drop Juice, Cherry Berry Shakey, Snowball Slurpee, Omelet, Arugula Roll, Fried Fish a la Ridge, Fried Mountain Greens, Highland Ice Cream, Honey Glazed Salad, Ridge Fruity Plate, Snow Bowl Surprise, Zesty Tuna, Spaghetti, Lucky Lunch, Pumpkin Soup, Blackberry Cobbler, Salad, Pepper Poppers, Bean Hotpot, Tom Kha Soup, Stir Fry, Coleslaw, Fish Taco, Farmer's Lunch}} from Pika's.#$b#Oh, I'm thinking of visiting {{Random:Blue Moon Vineyard, Buffalo Ranch, East Scarpe, Ridgeside Village}}, as well.#$b#Hmm, {{Random:Bolin, Ayeisha, Limey}} might be there.#$b#The time? It's %time!$h.",
	"fall_14": "Hi there, stranger.$h#$b#I'm thinking of buying a {{Random:Ridgeside Shaketini, Autumn Dew Drop Juice, Cherry Berry Shakey, Snowball Slurpee, Omelet, Arugula Roll, Fried Fish a la Ridge, Fried Mountain Greens, Highland Ice Cream, Honey Glazed Salad, Ridge Fruity Plate, Snow Bowl Surprise, Zesty Tuna, Spaghetti, Lucky Lunch, Pumpkin Soup, Blackberry Cobbler, Salad, Pepper Poppers, Bean Hotpot, Tom Kha Soup, Stir Fry, Coleslaw, Fish Taco, Farmer's Lunch}} from Pika's.#$b#Oh, I'm thinking of visiting {{Random:Blue Moon Vineyard, Buffalo Ranch, East Scarpe, Ridgeside Village}}, as well.#$b#Hmm, {{Random:Bolin, Ayeisha, Limey}} might be there.#$b#The time? It's %time!$h.",
	"fall_15": "Hi there, stranger.$h#$b#I'm thinking of buying a {{Random:Ridgeside Shaketini, Autumn Dew Drop Juice, Cherry Berry Shakey, Snowball Slurpee, Omelet, Arugula Roll, Fried Fish a la Ridge, Fried Mountain Greens, Highland Ice Cream, Honey Glazed Salad, Ridge Fruity Plate, Snow Bowl Surprise, Zesty Tuna, Spaghetti, Lucky Lunch, Pumpkin Soup, Blackberry Cobbler, Salad, Pepper Poppers, Bean Hotpot, Tom Kha Soup, Stir Fry, Coleslaw, Fish Taco, Farmer's Lunch}} from Pika's.#$b#Oh, I'm thinking of visiting {{Random:Blue Moon Vineyard, Buffalo Ranch, East Scarpe, Ridgeside Village}}, as well.#$b#Hmm, {{Random:Bolin, Ayeisha, Limey}} might be there.#$b#The time? It's %time!$h.",
	"fall_16": "Hi there, stranger.$h#$b#I'm thinking of buying a {{Random:Ridgeside Shaketini, Autumn Dew Drop Juice, Cherry Berry Shakey, Snowball Slurpee, Omelet, Arugula Roll, Fried Fish a la Ridge, Fried Mountain Greens, Highland Ice Cream, Honey Glazed Salad, Ridge Fruity Plate, Snow Bowl Surprise, Zesty Tuna, Spaghetti, Lucky Lunch, Pumpkin Soup, Blackberry Cobbler, Salad, Pepper Poppers, Bean Hotpot, Tom Kha Soup, Stir Fry, Coleslaw, Fish Taco, Farmer's Lunch}} from Pika's.#$b#Oh, I'm thinking of visiting {{Random:Blue Moon Vineyard, Buffalo Ranch, East Scarpe, Ridgeside Village}}, as well.#$b#Hmm, {{Random:Bolin, Ayeisha, Limey}} might be there.#$b#The time? It's %time!$h.",
	"fall_17": "Hi there, stranger.$h#$b#I'm thinking of buying a {{Random:Ridgeside Shaketini, Autumn Dew Drop Juice, Cherry Berry Shakey, Snowball Slurpee, Omelet, Arugula Roll, Fried Fish a la Ridge, Fried Mountain Greens, Highland Ice Cream, Honey Glazed Salad, Ridge Fruity Plate, Snow Bowl Surprise, Zesty Tuna, Spaghetti, Lucky Lunch, Pumpkin Soup, Blackberry Cobbler, Salad, Pepper Poppers, Bean Hotpot, Tom Kha Soup, Stir Fry, Coleslaw, Fish Taco, Farmer's Lunch}} from Pika's.#$b#Oh, I'm thinking of visiting {{Random:Blue Moon Vineyard, Buffalo Ranch, East Scarpe, Ridgeside Village}}, as well.#$b#Hmm, {{Random:Bolin, Ayeisha, Limey}} might be there.#$b#The time? It's %time!$h.",
	"fall_18": "Hi there, stranger.$h#$b#I'm thinking of buying a {{Random:Ridgeside Shaketini, Autumn Dew Drop Juice, Cherry Berry Shakey, Snowball Slurpee, Omelet, Arugula Roll, Fried Fish a la Ridge, Fried Mountain Greens, Highland Ice Cream, Honey Glazed Salad, Ridge Fruity Plate, Snow Bowl Surprise, Zesty Tuna, Spaghetti, Lucky Lunch, Pumpkin Soup, Blackberry Cobbler, Salad, Pepper Poppers, Bean Hotpot, Tom Kha Soup, Stir Fry, Coleslaw, Fish Taco, Farmer's Lunch}} from Pika's.#$b#Oh, I'm thinking of visiting {{Random:Blue Moon Vineyard, Buffalo Ranch, East Scarpe, Ridgeside Village}}, as well.#$b#Hmm, {{Random:Bolin, Ayeisha, Limey}} might be there.#$b#The time? It's %time!$h.",
	"fall_19": "Hi there, stranger.$h#$b#I'm thinking of buying a {{Random:Ridgeside Shaketini, Autumn Dew Drop Juice, Cherry Berry Shakey, Snowball Slurpee, Omelet, Arugula Roll, Fried Fish a la Ridge, Fried Mountain Greens, Highland Ice Cream, Honey Glazed Salad, Ridge Fruity Plate, Snow Bowl Surprise, Zesty Tuna, Spaghetti, Lucky Lunch, Pumpkin Soup, Blackberry Cobbler, Salad, Pepper Poppers, Bean Hotpot, Tom Kha Soup, Stir Fry, Coleslaw, Fish Taco, Farmer's Lunch}} from Pika's.#$b#Oh, I'm thinking of visiting {{Random:Blue Moon Vineyard, Buffalo Ranch, East Scarpe, Ridgeside Village}}, as well.#$b#Hmm, {{Random:Bolin, Ayeisha, Limey}} might be there.#$b#The time? It's %time!$h.",
	"fall_20": "Hi there, stranger.$h#$b#I'm thinking of buying a {{Random:Ridgeside Shaketini, Autumn Dew Drop Juice, Cherry Berry Shakey, Snowball Slurpee, Omelet, Arugula Roll, Fried Fish a la Ridge, Fried Mountain Greens, Highland Ice Cream, Honey Glazed Salad, Ridge Fruity Plate, Snow Bowl Surprise, Zesty Tuna, Spaghetti, Lucky Lunch, Pumpkin Soup, Blackberry Cobbler, Salad, Pepper Poppers, Bean Hotpot, Tom Kha Soup, Stir Fry, Coleslaw, Fish Taco, Farmer's Lunch}} from Pika's.#$b#Oh, I'm thinking of visiting {{Random:Blue Moon Vineyard, Buffalo Ranch, East Scarpe, Ridgeside Village}}, as well.#$b#Hmm, {{Random:Bolin, Ayeisha, Limey}} might be there.#$b#The time? It's %time!$h.",
	"fall_21": "Hi there, stranger.$h#$b#I'm thinking of buying a {{Random:Ridgeside Shaketini, Autumn Dew Drop Juice, Cherry Berry Shakey, Snowball Slurpee, Omelet, Arugula Roll, Fried Fish a la Ridge, Fried Mountain Greens, Highland Ice Cream, Honey Glazed Salad, Ridge Fruity Plate, Snow Bowl Surprise, Zesty Tuna, Spaghetti, Lucky Lunch, Pumpkin Soup, Blackberry Cobbler, Salad, Pepper Poppers, Bean Hotpot, Tom Kha Soup, Stir Fry, Coleslaw, Fish Taco, Farmer's Lunch}} from Pika's.#$b#Oh, I'm thinking of visiting {{Random:Blue Moon Vineyard, Buffalo Ranch, East Scarpe, Ridgeside Village}}, as well.#$b#Hmm, {{Random:Bolin, Ayeisha, Limey}} might be there.#$b#The time? It's %time!$h.",
	"fall_22": "Hi there, stranger.$h#$b#I'm thinking of buying a {{Random:Ridgeside Shaketini, Autumn Dew Drop Juice, Cherry Berry Shakey, Snowball Slurpee, Omelet, Arugula Roll, Fried Fish a la Ridge, Fried Mountain Greens, Highland Ice Cream, Honey Glazed Salad, Ridge Fruity Plate, Snow Bowl Surprise, Zesty Tuna, Spaghetti, Lucky Lunch, Pumpkin Soup, Blackberry Cobbler, Salad, Pepper Poppers, Bean Hotpot, Tom Kha Soup, Stir Fry, Coleslaw, Fish Taco, Farmer's Lunch}} from Pika's.#$b#Oh, I'm thinking of visiting {{Random:Blue Moon Vineyard, Buffalo Ranch, East Scarpe, Ridgeside Village}}, as well.#$b#Hmm, {{Random:Bolin, Ayeisha, Limey}} might be there.#$b#The time? It's %time!$h.",
	"fall_23": "Hi there, stranger.$h#$b#I'm thinking of buying a {{Random:Ridgeside Shaketini, Autumn Dew Drop Juice, Cherry Berry Shakey, Snowball Slurpee, Omelet, Arugula Roll, Fried Fish a la Ridge, Fried Mountain Greens, Highland Ice Cream, Honey Glazed Salad, Ridge Fruity Plate, Snow Bowl Surprise, Zesty Tuna, Spaghetti, Lucky Lunch, Pumpkin Soup, Blackberry Cobbler, Salad, Pepper Poppers, Bean Hotpot, Tom Kha Soup, Stir Fry, Coleslaw, Fish Taco, Farmer's Lunch}} from Pika's.#$b#Oh, I'm thinking of visiting {{Random:Blue Moon Vineyard, Buffalo Ranch, East Scarpe, Ridgeside Village}}, as well.#$b#Hmm, {{Random:Bolin, Ayeisha, Limey}} might be there.#$b#The time? It's %time!$h.",
	"fall_24": "Hi there, stranger.$h#$b#I'm thinking of buying a {{Random:Ridgeside Shaketini, Autumn Dew Drop Juice, Cherry Berry Shakey, Snowball Slurpee, Omelet, Arugula Roll, Fried Fish a la Ridge, Fried Mountain Greens, Highland Ice Cream, Honey Glazed Salad, Ridge Fruity Plate, Snow Bowl Surprise, Zesty Tuna, Spaghetti, Lucky Lunch, Pumpkin Soup, Blackberry Cobbler, Salad, Pepper Poppers, Bean Hotpot, Tom Kha Soup, Stir Fry, Coleslaw, Fish Taco, Farmer's Lunch}} from Pika's.#$b#Oh, I'm thinking of visiting {{Random:Blue Moon Vineyard, Buffalo Ranch, East Scarpe, Ridgeside Village}}, as well.#$b#Hmm, {{Random:Bolin, Ayeisha, Limey}} might be there.#$b#The time? It's %time!$h.",
	"fall_25": "Hi there, stranger.$h#$b#I'm thinking of buying a {{Random:Ridgeside Shaketini, Autumn Dew Drop Juice, Cherry Berry Shakey, Snowball Slurpee, Omelet, Arugula Roll, Fried Fish a la Ridge, Fried Mountain Greens, Highland Ice Cream, Honey Glazed Salad, Ridge Fruity Plate, Snow Bowl Surprise, Zesty Tuna, Spaghetti, Lucky Lunch, Pumpkin Soup, Blackberry Cobbler, Salad, Pepper Poppers, Bean Hotpot, Tom Kha Soup, Stir Fry, Coleslaw, Fish Taco, Farmer's Lunch}} from Pika's.#$b#Oh, I'm thinking of visiting {{Random:Blue Moon Vineyard, Buffalo Ranch, East Scarpe, Ridgeside Village}}, as well.#$b#Hmm, {{Random:Bolin, Ayeisha, Limey}} might be there.#$b#The time? It's %time!$h.",
	"fall_26": "Hi there, stranger.$h#$b#I'm thinking of buying a {{Random:Ridgeside Shaketini, Autumn Dew Drop Juice, Cherry Berry Shakey, Snowball Slurpee, Omelet, Arugula Roll, Fried Fish a la Ridge, Fried Mountain Greens, Highland Ice Cream, Honey Glazed Salad, Ridge Fruity Plate, Snow Bowl Surprise, Zesty Tuna, Spaghetti, Lucky Lunch, Pumpkin Soup, Blackberry Cobbler, Salad, Pepper Poppers, Bean Hotpot, Tom Kha Soup, Stir Fry, Coleslaw, Fish Taco, Farmer's Lunch}} from Pika's.#$b#Oh, I'm thinking of visiting {{Random:Blue Moon Vineyard, Buffalo Ranch, East Scarpe, Ridgeside Village}}, as well.#$b#Hmm, {{Random:Bolin, Ayeisha, Limey}} might be there.#$b#The time? It's %time!$h.",
	"fall_27": "Hi there, stranger.$h#$b#I'm thinking of buying a {{Random:Ridgeside Shaketini, Autumn Dew Drop Juice, Cherry Berry Shakey, Snowball Slurpee, Omelet, Arugula Roll, Fried Fish a la Ridge, Fried Mountain Greens, Highland Ice Cream, Honey Glazed Salad, Ridge Fruity Plate, Snow Bowl Surprise, Zesty Tuna, Spaghetti, Lucky Lunch, Pumpkin Soup, Blackberry Cobbler, Salad, Pepper Poppers, Bean Hotpot, Tom Kha Soup, Stir Fry, Coleslaw, Fish Taco, Farmer's Lunch}} from Pika's.#$b#Oh, I'm thinking of visiting {{Random:Blue Moon Vineyard, Buffalo Ranch, East Scarpe, Ridgeside Village}}, as well.#$b#Hmm, {{Random:Bolin, Ayeisha, Limey}} might be there.#$b#The time? It's %time!$h.",
	"fall_28": "Hi there, stranger.$h#$b#I'm thinking of buying a {{Random:Ridgeside Shaketini, Autumn Dew Drop Juice, Cherry Berry Shakey, Snowball Slurpee, Omelet, Arugula Roll, Fried Fish a la Ridge, Fried Mountain Greens, Highland Ice Cream, Honey Glazed Salad, Ridge Fruity Plate, Snow Bowl Surprise, Zesty Tuna, Spaghetti, Lucky Lunch, Pumpkin Soup, Blackberry Cobbler, Salad, Pepper Poppers, Bean Hotpot, Tom Kha Soup, Stir Fry, Coleslaw, Fish Taco, Farmer's Lunch}} from Pika's.#$b#Oh, I'm thinking of visiting {{Random:Blue Moon Vineyard, Buffalo Ranch, East Scarpe, Ridgeside Village}}, as well.#$b#Hmm, {{Random:Bolin, Ayeisha, Limey}} might be there.#$b#The time? It's %time!$h.",

	//Winter
	"winter_1": "Hmm?$6#$b#Oh, hello.#$e#I'm Astra. I'm uh...$2#$b#I'm a... tourist.$3#$b#Yes! I'm a tourist!$1#$b#Just here to see the sights. I'm totally not suspicious at all!$6",
	"winter_2": "Hi there, stranger.$h#$b#I'm thinking of buying a {{Random:Ridgeside Shaketini, Autumn Dew Drop Juice, Cherry Berry Shakey, Snowball Slurpee, Omelet, Arugula Roll, Fried Fish a la Ridge, Fried Mountain Greens, Highland Ice Cream, Honey Glazed Salad, Ridge Fruity Plate, Snow Bowl Surprise, Zesty Tuna, Spaghetti, Lucky Lunch, Pumpkin Soup, Blackberry Cobbler, Salad, Pepper Poppers, Bean Hotpot, Tom Kha Soup, Stir Fry, Coleslaw, Fish Taco, Farmer's Lunch}} from Pika's.#$b#Oh, I'm thinking of visiting {{Random:Blue Moon Vineyard, Buffalo Ranch, East Scarpe, Ridgeside Village}}, as well.#$b#Hmm, {{Random:Bolin, Ayeisha, Limey}} might be there.#$b#The time? It's %time!$h.",
	"winter_3": "Hi there, stranger.$h#$b#I'm thinking of buying a {{Random:Ridgeside Shaketini, Autumn Dew Drop Juice, Cherry Berry Shakey, Snowball Slurpee, Omelet, Arugula Roll, Fried Fish a la Ridge, Fried Mountain Greens, Highland Ice Cream, Honey Glazed Salad, Ridge Fruity Plate, Snow Bowl Surprise, Zesty Tuna, Spaghetti, Lucky Lunch, Pumpkin Soup, Blackberry Cobbler, Salad, Pepper Poppers, Bean Hotpot, Tom Kha Soup, Stir Fry, Coleslaw, Fish Taco, Farmer's Lunch}} from Pika's.#$b#Oh, I'm thinking of visiting {{Random:Blue Moon Vineyard, Buffalo Ranch, East Scarpe, Ridgeside Village}}, as well.#$b#Hmm, {{Random:Bolin, Ayeisha, Limey}} might be there.#$b#The time? It's %time!$h.",
	"winter_4": "Hi there, stranger.$h#$b#I'm thinking of buying a {{Random:Ridgeside Shaketini, Autumn Dew Drop Juice, Cherry Berry Shakey, Snowball Slurpee, Omelet, Arugula Roll, Fried Fish a la Ridge, Fried Mountain Greens, Highland Ice Cream, Honey Glazed Salad, Ridge Fruity Plate, Snow Bowl Surprise, Zesty Tuna, Spaghetti, Lucky Lunch, Pumpkin Soup, Blackberry Cobbler, Salad, Pepper Poppers, Bean Hotpot, Tom Kha Soup, Stir Fry, Coleslaw, Fish Taco, Farmer's Lunch}} from Pika's.#$b#Oh, I'm thinking of visiting {{Random:Blue Moon Vineyard, Buffalo Ranch, East Scarpe, Ridgeside Village}}, as well.#$b#Hmm, {{Random:Bolin, Ayeisha, Limey}} might be there.#$b#The time? It's %time!$h.",
	"winter_5": "Hi there, stranger.$h#$b#I'm thinking of buying a {{Random:Ridgeside Shaketini, Autumn Dew Drop Juice, Cherry Berry Shakey, Snowball Slurpee, Omelet, Arugula Roll, Fried Fish a la Ridge, Fried Mountain Greens, Highland Ice Cream, Honey Glazed Salad, Ridge Fruity Plate, Snow Bowl Surprise, Zesty Tuna, Spaghetti, Lucky Lunch, Pumpkin Soup, Blackberry Cobbler, Salad, Pepper Poppers, Bean Hotpot, Tom Kha Soup, Stir Fry, Coleslaw, Fish Taco, Farmer's Lunch}} from Pika's.#$b#Oh, I'm thinking of visiting {{Random:Blue Moon Vineyard, Buffalo Ranch, East Scarpe, Ridgeside Village}}, as well.#$b#Hmm, {{Random:Bolin, Ayeisha, Limey}} might be there.#$b#The time? It's %time!$h.",
	"winter_6": "Hi there, stranger.$h#$b#I'm thinking of buying a {{Random:Ridgeside Shaketini, Autumn Dew Drop Juice, Cherry Berry Shakey, Snowball Slurpee, Omelet, Arugula Roll, Fried Fish a la Ridge, Fried Mountain Greens, Highland Ice Cream, Honey Glazed Salad, Ridge Fruity Plate, Snow Bowl Surprise, Zesty Tuna, Spaghetti, Lucky Lunch, Pumpkin Soup, Blackberry Cobbler, Salad, Pepper Poppers, Bean Hotpot, Tom Kha Soup, Stir Fry, Coleslaw, Fish Taco, Farmer's Lunch}} from Pika's.#$b#Oh, I'm thinking of visiting {{Random:Blue Moon Vineyard, Buffalo Ranch, East Scarpe, Ridgeside Village}}, as well.#$b#Hmm, {{Random:Bolin, Ayeisha, Limey}} might be there.#$b#The time? It's %time!$h.",
	"winter_7": "Hi there, stranger.$h#$b#I'm thinking of buying a {{Random:Ridgeside Shaketini, Autumn Dew Drop Juice, Cherry Berry Shakey, Snowball Slurpee, Omelet, Arugula Roll, Fried Fish a la Ridge, Fried Mountain Greens, Highland Ice Cream, Honey Glazed Salad, Ridge Fruity Plate, Snow Bowl Surprise, Zesty Tuna, Spaghetti, Lucky Lunch, Pumpkin Soup, Blackberry Cobbler, Salad, Pepper Poppers, Bean Hotpot, Tom Kha Soup, Stir Fry, Coleslaw, Fish Taco, Farmer's Lunch}} from Pika's.#$b#Oh, I'm thinking of visiting {{Random:Blue Moon Vineyard, Buffalo Ranch, East Scarpe, Ridgeside Village}}, as well.#$b#Hmm, {{Random:Bolin, Ayeisha, Limey}} might be there.#$b#The time? It's %time!$h.",
	"winter_8": "Hi there, stranger.$h#$b#I'm thinking of buying a {{Random:Ridgeside Shaketini, Autumn Dew Drop Juice, Cherry Berry Shakey, Snowball Slurpee, Omelet, Arugula Roll, Fried Fish a la Ridge, Fried Mountain Greens, Highland Ice Cream, Honey Glazed Salad, Ridge Fruity Plate, Snow Bowl Surprise, Zesty Tuna, Spaghetti, Lucky Lunch, Pumpkin Soup, Blackberry Cobbler, Salad, Pepper Poppers, Bean Hotpot, Tom Kha Soup, Stir Fry, Coleslaw, Fish Taco, Farmer's Lunch}} from Pika's.#$b#Oh, I'm thinking of visiting {{Random:Blue Moon Vineyard, Buffalo Ranch, East Scarpe, Ridgeside Village}}, as well.#$b#Hmm, {{Random:Bolin, Ayeisha, Limey}} might be there.#$b#The time? It's %time!$h.",
	"winter_9": "Hi there, stranger.$h#$b#I'm thinking of buying a {{Random:Ridgeside Shaketini, Autumn Dew Drop Juice, Cherry Berry Shakey, Snowball Slurpee, Omelet, Arugula Roll, Fried Fish a la Ridge, Fried Mountain Greens, Highland Ice Cream, Honey Glazed Salad, Ridge Fruity Plate, Snow Bowl Surprise, Zesty Tuna, Spaghetti, Lucky Lunch, Pumpkin Soup, Blackberry Cobbler, Salad, Pepper Poppers, Bean Hotpot, Tom Kha Soup, Stir Fry, Coleslaw, Fish Taco, Farmer's Lunch}} from Pika's.#$b#Oh, I'm thinking of visiting {{Random:Blue Moon Vineyard, Buffalo Ranch, East Scarpe, Ridgeside Village}}, as well.#$b#Hmm, {{Random:Bolin, Ayeisha, Limey}} might be there.#$b#The time? It's %time!$h.",
	"winter_10": "Hi there, stranger.$h#$b#I'm thinking of buying a {{Random:Ridgeside Shaketini, Autumn Dew Drop Juice, Cherry Berry Shakey, Snowball Slurpee, Omelet, Arugula Roll, Fried Fish a la Ridge, Fried Mountain Greens, Highland Ice Cream, Honey Glazed Salad, Ridge Fruity Plate, Snow Bowl Surprise, Zesty Tuna, Spaghetti, Lucky Lunch, Pumpkin Soup, Blackberry Cobbler, Salad, Pepper Poppers, Bean Hotpot, Tom Kha Soup, Stir Fry, Coleslaw, Fish Taco, Farmer's Lunch}} from Pika's.#$b#Oh, I'm thinking of visiting {{Random:Blue Moon Vineyard, Buffalo Ranch, East Scarpe, Ridgeside Village}}, as well.#$b#Hmm, {{Random:Bolin, Ayeisha, Limey}} might be there.#$b#The time? It's %time!$h.",
	"winter_11": "Hi there, stranger.$h#$b#I'm thinking of buying a {{Random:Ridgeside Shaketini, Autumn Dew Drop Juice, Cherry Berry Shakey, Snowball Slurpee, Omelet, Arugula Roll, Fried Fish a la Ridge, Fried Mountain Greens, Highland Ice Cream, Honey Glazed Salad, Ridge Fruity Plate, Snow Bowl Surprise, Zesty Tuna, Spaghetti, Lucky Lunch, Pumpkin Soup, Blackberry Cobbler, Salad, Pepper Poppers, Bean Hotpot, Tom Kha Soup, Stir Fry, Coleslaw, Fish Taco, Farmer's Lunch}} from Pika's.#$b#Oh, I'm thinking of visiting {{Random:Blue Moon Vineyard, Buffalo Ranch, East Scarpe, Ridgeside Village}}, as well.#$b#Hmm, {{Random:Bolin, Ayeisha, Limey}} might be there.#$b#The time? It's %time!$h.",
	"winter_12": "Hi there, stranger.$h#$b#I'm thinking of buying a {{Random:Ridgeside Shaketini, Autumn Dew Drop Juice, Cherry Berry Shakey, Snowball Slurpee, Omelet, Arugula Roll, Fried Fish a la Ridge, Fried Mountain Greens, Highland Ice Cream, Honey Glazed Salad, Ridge Fruity Plate, Snow Bowl Surprise, Zesty Tuna, Spaghetti, Lucky Lunch, Pumpkin Soup, Blackberry Cobbler, Salad, Pepper Poppers, Bean Hotpot, Tom Kha Soup, Stir Fry, Coleslaw, Fish Taco, Farmer's Lunch}} from Pika's.#$b#Oh, I'm thinking of visiting {{Random:Blue Moon Vineyard, Buffalo Ranch, East Scarpe, Ridgeside Village}}, as well.#$b#Hmm, {{Random:Bolin, Ayeisha, Limey}} might be there.#$b#The time? It's %time!$h.",
	"winter_13": "Hi there, stranger.$h#$b#I'm thinking of buying a {{Random:Ridgeside Shaketini, Autumn Dew Drop Juice, Cherry Berry Shakey, Snowball Slurpee, Omelet, Arugula Roll, Fried Fish a la Ridge, Fried Mountain Greens, Highland Ice Cream, Honey Glazed Salad, Ridge Fruity Plate, Snow Bowl Surprise, Zesty Tuna, Spaghetti, Lucky Lunch, Pumpkin Soup, Blackberry Cobbler, Salad, Pepper Poppers, Bean Hotpot, Tom Kha Soup, Stir Fry, Coleslaw, Fish Taco, Farmer's Lunch}} from Pika's.#$b#Oh, I'm thinking of visiting {{Random:Blue Moon Vineyard, Buffalo Ranch, East Scarpe, Ridgeside Village}}, as well.#$b#Hmm, {{Random:Bolin, Ayeisha, Limey}} might be there.#$b#The time? It's %time!$h.",
	"winter_14": "Hi there, stranger.$h#$b#I'm thinking of buying a {{Random:Ridgeside Shaketini, Autumn Dew Drop Juice, Cherry Berry Shakey, Snowball Slurpee, Omelet, Arugula Roll, Fried Fish a la Ridge, Fried Mountain Greens, Highland Ice Cream, Honey Glazed Salad, Ridge Fruity Plate, Snow Bowl Surprise, Zesty Tuna, Spaghetti, Lucky Lunch, Pumpkin Soup, Blackberry Cobbler, Salad, Pepper Poppers, Bean Hotpot, Tom Kha Soup, Stir Fry, Coleslaw, Fish Taco, Farmer's Lunch}} from Pika's.#$b#Oh, I'm thinking of visiting {{Random:Blue Moon Vineyard, Buffalo Ranch, East Scarpe, Ridgeside Village}}, as well.#$b#Hmm, {{Random:Bolin, Ayeisha, Limey}} might be there.#$b#The time? It's %time!$h.",
	"winter_15": "Hi there, stranger.$h#$b#I'm thinking of buying a {{Random:Ridgeside Shaketini, Autumn Dew Drop Juice, Cherry Berry Shakey, Snowball Slurpee, Omelet, Arugula Roll, Fried Fish a la Ridge, Fried Mountain Greens, Highland Ice Cream, Honey Glazed Salad, Ridge Fruity Plate, Snow Bowl Surprise, Zesty Tuna, Spaghetti, Lucky Lunch, Pumpkin Soup, Blackberry Cobbler, Salad, Pepper Poppers, Bean Hotpot, Tom Kha Soup, Stir Fry, Coleslaw, Fish Taco, Farmer's Lunch}} from Pika's.#$b#Oh, I'm thinking of visiting {{Random:Blue Moon Vineyard, Buffalo Ranch, East Scarpe, Ridgeside Village}}, as well.#$b#Hmm, {{Random:Bolin, Ayeisha, Limey}} might be there.#$b#The time? It's %time!$h.",
	"winter_16": "Hi there, stranger.$h#$b#I'm thinking of buying a {{Random:Ridgeside Shaketini, Autumn Dew Drop Juice, Cherry Berry Shakey, Snowball Slurpee, Omelet, Arugula Roll, Fried Fish a la Ridge, Fried Mountain Greens, Highland Ice Cream, Honey Glazed Salad, Ridge Fruity Plate, Snow Bowl Surprise, Zesty Tuna, Spaghetti, Lucky Lunch, Pumpkin Soup, Blackberry Cobbler, Salad, Pepper Poppers, Bean Hotpot, Tom Kha Soup, Stir Fry, Coleslaw, Fish Taco, Farmer's Lunch}} from Pika's.#$b#Oh, I'm thinking of visiting {{Random:Blue Moon Vineyard, Buffalo Ranch, East Scarpe, Ridgeside Village}}, as well.#$b#Hmm, {{Random:Bolin, Ayeisha, Limey}} might be there.#$b#The time? It's %time!$h.",
	"winter_17": "Hi there, stranger.$h#$b#I'm thinking of buying a {{Random:Ridgeside Shaketini, Autumn Dew Drop Juice, Cherry Berry Shakey, Snowball Slurpee, Omelet, Arugula Roll, Fried Fish a la Ridge, Fried Mountain Greens, Highland Ice Cream, Honey Glazed Salad, Ridge Fruity Plate, Snow Bowl Surprise, Zesty Tuna, Spaghetti, Lucky Lunch, Pumpkin Soup, Blackberry Cobbler, Salad, Pepper Poppers, Bean Hotpot, Tom Kha Soup, Stir Fry, Coleslaw, Fish Taco, Farmer's Lunch}} from Pika's.#$b#Oh, I'm thinking of visiting {{Random:Blue Moon Vineyard, Buffalo Ranch, East Scarpe, Ridgeside Village}}, as well.#$b#Hmm, {{Random:Bolin, Ayeisha, Limey}} might be there.#$b#The time? It's %time!$h.",
	"winter_18": "Hi there, stranger.$h#$b#I'm thinking of buying a {{Random:Ridgeside Shaketini, Autumn Dew Drop Juice, Cherry Berry Shakey, Snowball Slurpee, Omelet, Arugula Roll, Fried Fish a la Ridge, Fried Mountain Greens, Highland Ice Cream, Honey Glazed Salad, Ridge Fruity Plate, Snow Bowl Surprise, Zesty Tuna, Spaghetti, Lucky Lunch, Pumpkin Soup, Blackberry Cobbler, Salad, Pepper Poppers, Bean Hotpot, Tom Kha Soup, Stir Fry, Coleslaw, Fish Taco, Farmer's Lunch}} from Pika's.#$b#Oh, I'm thinking of visiting {{Random:Blue Moon Vineyard, Buffalo Ranch, East Scarpe, Ridgeside Village}}, as well.#$b#Hmm, {{Random:Bolin, Ayeisha, Limey}} might be there.#$b#The time? It's %time!$h.",
	"winter_19": "Hi there, stranger.$h#$b#I'm thinking of buying a {{Random:Ridgeside Shaketini, Autumn Dew Drop Juice, Cherry Berry Shakey, Snowball Slurpee, Omelet, Arugula Roll, Fried Fish a la Ridge, Fried Mountain Greens, Highland Ice Cream, Honey Glazed Salad, Ridge Fruity Plate, Snow Bowl Surprise, Zesty Tuna, Spaghetti, Lucky Lunch, Pumpkin Soup, Blackberry Cobbler, Salad, Pepper Poppers, Bean Hotpot, Tom Kha Soup, Stir Fry, Coleslaw, Fish Taco, Farmer's Lunch}} from Pika's.#$b#Oh, I'm thinking of visiting {{Random:Blue Moon Vineyard, Buffalo Ranch, East Scarpe, Ridgeside Village}}, as well.#$b#Hmm, {{Random:Bolin, Ayeisha, Limey}} might be there.#$b#The time? It's %time!$h.",
	"winter_20": "Hi there, stranger.$h#$b#I'm thinking of buying a {{Random:Ridgeside Shaketini, Autumn Dew Drop Juice, Cherry Berry Shakey, Snowball Slurpee, Omelet, Arugula Roll, Fried Fish a la Ridge, Fried Mountain Greens, Highland Ice Cream, Honey Glazed Salad, Ridge Fruity Plate, Snow Bowl Surprise, Zesty Tuna, Spaghetti, Lucky Lunch, Pumpkin Soup, Blackberry Cobbler, Salad, Pepper Poppers, Bean Hotpot, Tom Kha Soup, Stir Fry, Coleslaw, Fish Taco, Farmer's Lunch}} from Pika's.#$b#Oh, I'm thinking of visiting {{Random:Blue Moon Vineyard, Buffalo Ranch, East Scarpe, Ridgeside Village}}, as well.#$b#Hmm, {{Random:Bolin, Ayeisha, Limey}} might be there.#$b#The time? It's %time!$h.",
	"winter_21": "Hi there, stranger.$h#$b#I'm thinking of buying a {{Random:Ridgeside Shaketini, Autumn Dew Drop Juice, Cherry Berry Shakey, Snowball Slurpee, Omelet, Arugula Roll, Fried Fish a la Ridge, Fried Mountain Greens, Highland Ice Cream, Honey Glazed Salad, Ridge Fruity Plate, Snow Bowl Surprise, Zesty Tuna, Spaghetti, Lucky Lunch, Pumpkin Soup, Blackberry Cobbler, Salad, Pepper Poppers, Bean Hotpot, Tom Kha Soup, Stir Fry, Coleslaw, Fish Taco, Farmer's Lunch}} from Pika's.#$b#Oh, I'm thinking of visiting {{Random:Blue Moon Vineyard, Buffalo Ranch, East Scarpe, Ridgeside Village}}, as well.#$b#Hmm, {{Random:Bolin, Ayeisha, Limey}} might be there.#$b#The time? It's %time!$h.",
	"winter_22": "Hi there, stranger.$h#$b#I'm thinking of buying a {{Random:Ridgeside Shaketini, Autumn Dew Drop Juice, Cherry Berry Shakey, Snowball Slurpee, Omelet, Arugula Roll, Fried Fish a la Ridge, Fried Mountain Greens, Highland Ice Cream, Honey Glazed Salad, Ridge Fruity Plate, Snow Bowl Surprise, Zesty Tuna, Spaghetti, Lucky Lunch, Pumpkin Soup, Blackberry Cobbler, Salad, Pepper Poppers, Bean Hotpot, Tom Kha Soup, Stir Fry, Coleslaw, Fish Taco, Farmer's Lunch}} from Pika's.#$b#Oh, I'm thinking of visiting {{Random:Blue Moon Vineyard, Buffalo Ranch, East Scarpe, Ridgeside Village}}, as well.#$b#Hmm, {{Random:Bolin, Ayeisha, Limey}} might be there.#$b#The time? It's %time!$h.",
	"winter_23": "Hi there, stranger.$h#$b#I'm thinking of buying a {{Random:Ridgeside Shaketini, Autumn Dew Drop Juice, Cherry Berry Shakey, Snowball Slurpee, Omelet, Arugula Roll, Fried Fish a la Ridge, Fried Mountain Greens, Highland Ice Cream, Honey Glazed Salad, Ridge Fruity Plate, Snow Bowl Surprise, Zesty Tuna, Spaghetti, Lucky Lunch, Pumpkin Soup, Blackberry Cobbler, Salad, Pepper Poppers, Bean Hotpot, Tom Kha Soup, Stir Fry, Coleslaw, Fish Taco, Farmer's Lunch}} from Pika's.#$b#Oh, I'm thinking of visiting {{Random:Blue Moon Vineyard, Buffalo Ranch, East Scarpe, Ridgeside Village}}, as well.#$b#Hmm, {{Random:Bolin, Ayeisha, Limey}} might be there.#$b#The time? It's %time!$h.",
	"winter_24": "Hi there, stranger.$h#$b#I'm thinking of buying a {{Random:Ridgeside Shaketini, Autumn Dew Drop Juice, Cherry Berry Shakey, Snowball Slurpee, Omelet, Arugula Roll, Fried Fish a la Ridge, Fried Mountain Greens, Highland Ice Cream, Honey Glazed Salad, Ridge Fruity Plate, Snow Bowl Surprise, Zesty Tuna, Spaghetti, Lucky Lunch, Pumpkin Soup, Blackberry Cobbler, Salad, Pepper Poppers, Bean Hotpot, Tom Kha Soup, Stir Fry, Coleslaw, Fish Taco, Farmer's Lunch}} from Pika's.#$b#Oh, I'm thinking of visiting {{Random:Blue Moon Vineyard, Buffalo Ranch, East Scarpe, Ridgeside Village}}, as well.#$b#Hmm, {{Random:Bolin, Ayeisha, Limey}} might be there.#$b#The time? It's %time!$h.",
	"winter_25": "Hi there, stranger.$h#$b#I'm thinking of buying a {{Random:Ridgeside Shaketini, Autumn Dew Drop Juice, Cherry Berry Shakey, Snowball Slurpee, Omelet, Arugula Roll, Fried Fish a la Ridge, Fried Mountain Greens, Highland Ice Cream, Honey Glazed Salad, Ridge Fruity Plate, Snow Bowl Surprise, Zesty Tuna, Spaghetti, Lucky Lunch, Pumpkin Soup, Blackberry Cobbler, Salad, Pepper Poppers, Bean Hotpot, Tom Kha Soup, Stir Fry, Coleslaw, Fish Taco, Farmer's Lunch}} from Pika's.#$b#Oh, I'm thinking of visiting {{Random:Blue Moon Vineyard, Buffalo Ranch, East Scarpe, Ridgeside Village}}, as well.#$b#Hmm, {{Random:Bolin, Ayeisha, Limey}} might be there.#$b#The time? It's %time!$h.",
	"winter_26": "Hi there, stranger.$h#$b#I'm thinking of buying a {{Random:Ridgeside Shaketini, Autumn Dew Drop Juice, Cherry Berry Shakey, Snowball Slurpee, Omelet, Arugula Roll, Fried Fish a la Ridge, Fried Mountain Greens, Highland Ice Cream, Honey Glazed Salad, Ridge Fruity Plate, Snow Bowl Surprise, Zesty Tuna, Spaghetti, Lucky Lunch, Pumpkin Soup, Blackberry Cobbler, Salad, Pepper Poppers, Bean Hotpot, Tom Kha Soup, Stir Fry, Coleslaw, Fish Taco, Farmer's Lunch}} from Pika's.#$b#Oh, I'm thinking of visiting {{Random:Blue Moon Vineyard, Buffalo Ranch, East Scarpe, Ridgeside Village}}, as well.#$b#Hmm, {{Random:Bolin, Ayeisha, Limey}} might be there.#$b#The time? It's %time!$h.",
	"winter_27": "Hi there, stranger.$h#$b#I'm thinking of buying a {{Random:Ridgeside Shaketini, Autumn Dew Drop Juice, Cherry Berry Shakey, Snowball Slurpee, Omelet, Arugula Roll, Fried Fish a la Ridge, Fried Mountain Greens, Highland Ice Cream, Honey Glazed Salad, Ridge Fruity Plate, Snow Bowl Surprise, Zesty Tuna, Spaghetti, Lucky Lunch, Pumpkin Soup, Blackberry Cobbler, Salad, Pepper Poppers, Bean Hotpot, Tom Kha Soup, Stir Fry, Coleslaw, Fish Taco, Farmer's Lunch}} from Pika's.#$b#Oh, I'm thinking of visiting {{Random:Blue Moon Vineyard, Buffalo Ranch, East Scarpe, Ridgeside Village}}, as well.#$b#Hmm, {{Random:Bolin, Ayeisha, Limey}} might be there.#$b#The time? It's %time!$h.",
	"winter_28": "Hi there, stranger.$h#$b#I'm thinking of buying a {{Random:Ridgeside Shaketini, Autumn Dew Drop Juice, Cherry Berry Shakey, Snowball Slurpee, Omelet, Arugula Roll, Fried Fish a la Ridge, Fried Mountain Greens, Highland Ice Cream, Honey Glazed Salad, Ridge Fruity Plate, Snow Bowl Surprise, Zesty Tuna, Spaghetti, Lucky Lunch, Pumpkin Soup, Blackberry Cobbler, Salad, Pepper Poppers, Bean Hotpot, Tom Kha Soup, Stir Fry, Coleslaw, Fish Taco, Farmer's Lunch}} from Pika's.#$b#Oh, I'm thinking of visiting {{Random:Blue Moon Vineyard, Buffalo Ranch, East Scarpe, Ridgeside Village}}, as well.#$b#Hmm, {{Random:Bolin, Ayeisha, Limey}} might be there.#$b#The time? It's %time!$h.",	
	
   }
}
]
}
