{
"Changes": [

	{
		"LogName": "Caleb Base Schedule",
		"Action": "EditData",
		"Target": "Characters/Schedules/Caleb",
		"Entries": {

			"spring": "610 TourismCenter 21 21 2/2400 TourismCenter 21 21 2",
			"summer": "610 TourismCenter 21 21 2/2400 TourismCenter 21 21 2",
			"fall": "610 TourismCenter 21 21 2/2400 TourismCenter 21 21 2",
			"winter": "610 TourismCenter 21 21 2/2400 TourismCenter 21 21 2",
			"rain": "610 TourismCenter 21 21 2/2400 TourismCenter 21 21 2",
			
					},
	},

]
}
