{
  "Format": "1.23.0",
  "Changes": [

/*********
** Include Files
*********/ 

  {
    "Action": "Include",
    "FromFile": "Data/NPCData.json, Data/MapStrings.json",
  },

//Hotel Patch
 // {
 //   "Action": "EditMap",
 //   "Target": "Maps/Forest",
 //   "FromFile": "assets/Hotel.tbin",
 //   "FromArea": { "X": 22, "Y": 61, "Width": 16, "Height": 13 },
 //   "ToArea": { "X": 22, "Y": 61, "Width": 16, "Height": 13 }
 // },

//Tourism Dock/Center/Merge
  //{
  //"Action": "EditMap",
  //"Target": "Maps/EastScarpe",
  //"FromFile": "assets/Maps/EastScarpeDockMerge.tmx",
  //"FromArea": { "X": 0, "Y": 0, "Width": 4, "Height": 3 },
  //"ToArea": { "X": 0, "Y": 133, "Width": 4, "Height": 3 },
  //"PatchMode": "Replace"
  //},


//East Scarpe Inn Guests
{ 
  "LogName": "Add warp to ES Inn for guests",        
  "Action": "EditMap",
  "Target": "Maps/EastScarpeInn",
  "MapTiles": [
    {
      "Position": {
        "X":29,
        "Y":4,
      },
      "Layer": "Buildings",
      "SetProperties": {
        "Action": "LockedDoorWarp 3 9 InnRoomGuests 800 2000"
      }
    }
  ],
  "When": {
    "HasMod": "LemurKat.EastScarpe.CP"
  }
},

]
}