{
  "loadLate": true,
  "addMaps": [
    {
		"name": "TourismDock",
		"file": "Assets/TourismDock.tmx",
  			"addWarps": [
				"32 10 EastScarpe 1 132",
				"32 11 EastScarpe 1 133",
				"32 12 EastScarpe 1 134",
				"32 13 EastScarpe 1 135",
			]
	    },
    {
		"name": "TourismCenter",
		"file": "Assets/TourismCenter.tmx",
  			"addWarps": [
				"21 28 TourismDock 11 13",
				"22 28 TourismDock 12 13",

			]
	    },	    
		{
		"name": "InnRoomGuests",
		"file": "Assets/InnRoomGuests.tmx",
	    },
 	    
	],
  "onlyWarps": [
    {
	  	"name": "EastScarpe",
	    	"addWarps": [
				"-1 132 TourismDock 31 10",
				"-1 133 TourismDock 31 11",
				"-1 134 TourismDock 31 12",
				"-1 135 TourismDock 31 13",
	  		]
		},
  ],
  "mergeMaps": [
    {
      "name": "EastScarpe",
      "file": "Assets/EastScarpeDockMerge.tmx",
	  "sourceArea": [0,0,4,10],
	  "position": [0,127],
	    },
	]
}